Province_State,Country_Region,Lat,Long,Date,Confirmed,Deaths,Combined_Key,ConfirmedNew,DeathsNew,ConfirmedNewMean,DeathsNewMean,Population
,Lebanon,33.8547,35.8623,2020-01-22,0,0,", Lebanon",-41615.0,-644.0,-5117.0,-73.57142857142857,6825445
,Lebanon,33.8547,35.8623,2020-01-23,0,0,", Lebanon",0.0,0.0,-5190.0,-79.85714285714286,6825445
,Lebanon,33.8547,35.8623,2020-01-24,0,0,", Lebanon",0.0,0.0,-5262.571428571428,-82.57142857142857,6825445
,Lebanon,33.8547,35.8623,2020-01-25,0,0,", Lebanon",0.0,0.0,-5382.285714285715,-86.14285714285714,6825445
,Lebanon,33.8547,35.8623,2020-01-26,0,0,", Lebanon",0.0,0.0,-5577.571428571428,-89.42857142857143,6825445
,Lebanon,33.8547,35.8623,2020-01-27,0,0,", Lebanon",0.0,0.0,-5843.428571428572,-90.71428571428571,6825445
,Lebanon,33.8547,35.8623,2020-01-28,0,0,", Lebanon",0.0,0.0,-5945.0,-92.0,6825445
,Lebanon,33.8547,35.8623,2020-01-29,0,0,", Lebanon",0.0,0.0,0.0,0.0,6825445
,Lebanon,33.8547,35.8623,2020-01-30,0,0,", Lebanon",0.0,0.0,0.0,0.0,6825445
,Lebanon,33.8547,35.8623,2020-01-31,0,0,", Lebanon",0.0,0.0,0.0,0.0,6825445
,Lebanon,33.8547,35.8623,2020-02-01,0,0,", Lebanon",0.0,0.0,0.0,0.0,6825445
,Lebanon,33.8547,35.8623,2020-02-02,0,0,", Lebanon",0.0,0.0,0.0,0.0,6825445
,Lebanon,33.8547,35.8623,2020-02-03,0,0,", Lebanon",0.0,0.0,0.0,0.0,6825445
,Lebanon,33.8547,35.8623,2020-02-04,0,0,", Lebanon",0.0,0.0,0.0,0.0,6825445
,Lebanon,33.8547,35.8623,2020-02-05,0,0,", Lebanon",0.0,0.0,0.0,0.0,6825445
,Lebanon,33.8547,35.8623,2020-02-06,0,0,", Lebanon",0.0,0.0,0.0,0.0,6825445
,Lebanon,33.8547,35.8623,2020-02-07,0,0,", Lebanon",0.0,0.0,0.0,0.0,6825445
,Lebanon,33.8547,35.8623,2020-02-08,0,0,", Lebanon",0.0,0.0,0.0,0.0,6825445
,Lebanon,33.8547,35.8623,2020-02-09,0,0,", Lebanon",0.0,0.0,0.0,0.0,6825445
,Lebanon,33.8547,35.8623,2020-02-10,0,0,", Lebanon",0.0,0.0,0.0,0.0,6825445
,Lebanon,33.8547,35.8623,2020-02-11,0,0,", Lebanon",0.0,0.0,0.0,0.0,6825445
,Lebanon,33.8547,35.8623,2020-02-12,0,0,", Lebanon",0.0,0.0,0.0,0.0,6825445
,Lebanon,33.8547,35.8623,2020-02-13,0,0,", Lebanon",0.0,0.0,0.0,0.0,6825445
,Lebanon,33.8547,35.8623,2020-02-14,0,0,", Lebanon",0.0,0.0,0.0,0.0,6825445
,Lebanon,33.8547,35.8623,2020-02-15,0,0,", Lebanon",0.0,0.0,0.0,0.0,6825445
,Lebanon,33.8547,35.8623,2020-02-16,0,0,", Lebanon",0.0,0.0,0.0,0.0,6825445
,Lebanon,33.8547,35.8623,2020-02-17,0,0,", Lebanon",0.0,0.0,0.0,0.0,6825445
,Lebanon,33.8547,35.8623,2020-02-18,0,0,", Lebanon",0.0,0.0,0.0,0.0,6825445
,Lebanon,33.8547,35.8623,2020-02-19,0,0,", Lebanon",0.0,0.0,0.0,0.0,6825445
,Lebanon,33.8547,35.8623,2020-02-20,0,0,", Lebanon",0.0,0.0,0.0,0.0,6825445
,Lebanon,33.8547,35.8623,2020-02-21,1,0,", Lebanon",1.0,0.0,0.14285714285714285,0.0,6825445
,Lebanon,33.8547,35.8623,2020-02-22,1,0,", Lebanon",0.0,0.0,0.14285714285714285,0.0,6825445
,Lebanon,33.8547,35.8623,2020-02-23,1,0,", Lebanon",0.0,0.0,0.14285714285714285,0.0,6825445
,Lebanon,33.8547,35.8623,2020-02-24,1,0,", Lebanon",0.0,0.0,0.14285714285714285,0.0,6825445
,Lebanon,33.8547,35.8623,2020-02-25,1,0,", Lebanon",0.0,0.0,0.14285714285714285,0.0,6825445
,Lebanon,33.8547,35.8623,2020-02-26,2,0,", Lebanon",1.0,0.0,0.2857142857142857,0.0,6825445
,Lebanon,33.8547,35.8623,2020-02-27,2,0,", Lebanon",0.0,0.0,0.2857142857142857,0.0,6825445
,Lebanon,33.8547,35.8623,2020-02-28,2,0,", Lebanon",0.0,0.0,0.14285714285714285,0.0,6825445
,Lebanon,33.8547,35.8623,2020-02-29,4,0,", Lebanon",2.0,0.0,0.42857142857142855,0.0,6825445
,Lebanon,33.8547,35.8623,2020-03-01,10,0,", Lebanon",6.0,0.0,1.2857142857142858,0.0,6825445
,Lebanon,33.8547,35.8623,2020-03-02,13,0,", Lebanon",3.0,0.0,1.7142857142857142,0.0,6825445
,Lebanon,33.8547,35.8623,2020-03-03,13,0,", Lebanon",0.0,0.0,1.7142857142857142,0.0,6825445
,Lebanon,33.8547,35.8623,2020-03-04,13,0,", Lebanon",0.0,0.0,1.5714285714285714,0.0,6825445
,Lebanon,33.8547,35.8623,2020-03-05,16,0,", Lebanon",3.0,0.0,2.0,0.0,6825445
,Lebanon,33.8547,35.8623,2020-03-06,22,0,", Lebanon",6.0,0.0,2.857142857142857,0.0,6825445
,Lebanon,33.8547,35.8623,2020-03-07,22,0,", Lebanon",0.0,0.0,2.5714285714285716,0.0,6825445
,Lebanon,33.8547,35.8623,2020-03-08,32,0,", Lebanon",10.0,0.0,3.142857142857143,0.0,6825445
,Lebanon,33.8547,35.8623,2020-03-09,32,0,", Lebanon",0.0,0.0,2.7142857142857144,0.0,6825445
,Lebanon,33.8547,35.8623,2020-03-10,41,1,", Lebanon",9.0,1.0,4.0,0.14285714285714285,6825445
,Lebanon,33.8547,35.8623,2020-03-11,61,3,", Lebanon",20.0,2.0,6.857142857142857,0.42857142857142855,6825445
,Lebanon,33.8547,35.8623,2020-03-12,61,3,", Lebanon",0.0,0.0,6.428571428571429,0.42857142857142855,6825445
,Lebanon,33.8547,35.8623,2020-03-13,77,3,", Lebanon",16.0,0.0,7.857142857142857,0.42857142857142855,6825445
,Lebanon,33.8547,35.8623,2020-03-14,93,3,", Lebanon",16.0,0.0,10.142857142857142,0.42857142857142855,6825445
,Lebanon,33.8547,35.8623,2020-03-15,110,3,", Lebanon",17.0,0.0,11.142857142857142,0.42857142857142855,6825445
,Lebanon,33.8547,35.8623,2020-03-16,110,3,", Lebanon",0.0,0.0,11.142857142857142,0.42857142857142855,6825445
,Lebanon,33.8547,35.8623,2020-03-17,120,3,", Lebanon",10.0,0.0,11.285714285714286,0.2857142857142857,6825445
,Lebanon,33.8547,35.8623,2020-03-18,133,3,", Lebanon",13.0,0.0,10.285714285714286,0.0,6825445
,Lebanon,33.8547,35.8623,2020-03-19,157,4,", Lebanon",24.0,1.0,13.714285714285714,0.14285714285714285,6825445
,Lebanon,33.8547,35.8623,2020-03-20,163,4,", Lebanon",6.0,0.0,12.285714285714286,0.14285714285714285,6825445
,Lebanon,33.8547,35.8623,2020-03-21,187,4,", Lebanon",24.0,0.0,13.428571428571429,0.14285714285714285,6825445
,Lebanon,33.8547,35.8623,2020-03-22,248,4,", Lebanon",61.0,0.0,19.714285714285715,0.14285714285714285,6825445
,Lebanon,33.8547,35.8623,2020-03-23,267,4,", Lebanon",19.0,0.0,22.428571428571427,0.14285714285714285,6825445
,Lebanon,33.8547,35.8623,2020-03-24,318,4,", Lebanon",51.0,0.0,28.285714285714285,0.14285714285714285,6825445
,Lebanon,33.8547,35.8623,2020-03-25,333,6,", Lebanon",15.0,2.0,28.571428571428573,0.42857142857142855,6825445
,Lebanon,33.8547,35.8623,2020-03-26,368,6,", Lebanon",35.0,0.0,30.142857142857142,0.2857142857142857,6825445
,Lebanon,33.8547,35.8623,2020-03-27,391,8,", Lebanon",23.0,2.0,32.57142857142857,0.5714285714285714,6825445
,Lebanon,33.8547,35.8623,2020-03-28,412,8,", Lebanon",21.0,0.0,32.142857142857146,0.5714285714285714,6825445
,Lebanon,33.8547,35.8623,2020-03-29,438,10,", Lebanon",26.0,2.0,27.142857142857142,0.8571428571428571,6825445
,Lebanon,33.8547,35.8623,2020-03-30,446,11,", Lebanon",8.0,1.0,25.571428571428573,1.0,6825445
,Lebanon,33.8547,35.8623,2020-03-31,470,12,", Lebanon",24.0,1.0,21.714285714285715,1.1428571428571428,6825445
,Lebanon,33.8547,35.8623,2020-04-01,479,14,", Lebanon",9.0,2.0,20.857142857142858,1.1428571428571428,6825445
,Lebanon,33.8547,35.8623,2020-04-02,494,16,", Lebanon",15.0,2.0,18.0,1.4285714285714286,6825445
,Lebanon,33.8547,35.8623,2020-04-03,508,17,", Lebanon",14.0,1.0,16.714285714285715,1.2857142857142858,6825445
,Lebanon,33.8547,35.8623,2020-04-04,520,17,", Lebanon",12.0,0.0,15.428571428571429,1.2857142857142858,6825445
,Lebanon,33.8547,35.8623,2020-04-05,527,18,", Lebanon",7.0,1.0,12.714285714285714,1.1428571428571428,6825445
,Lebanon,33.8547,35.8623,2020-04-06,541,19,", Lebanon",14.0,1.0,13.571428571428571,1.1428571428571428,6825445
,Lebanon,33.8547,35.8623,2020-04-07,548,19,", Lebanon",7.0,0.0,11.142857142857142,1.0,6825445
,Lebanon,33.8547,35.8623,2020-04-08,576,19,", Lebanon",28.0,0.0,13.857142857142858,0.7142857142857143,6825445
,Lebanon,33.8547,35.8623,2020-04-09,582,19,", Lebanon",6.0,0.0,12.571428571428571,0.42857142857142855,6825445
,Lebanon,33.8547,35.8623,2020-04-10,609,20,", Lebanon",27.0,1.0,14.428571428571429,0.42857142857142855,6825445
,Lebanon,33.8547,35.8623,2020-04-11,619,20,", Lebanon",10.0,0.0,14.142857142857142,0.42857142857142855,6825445
,Lebanon,33.8547,35.8623,2020-04-12,630,20,", Lebanon",11.0,0.0,14.714285714285714,0.2857142857142857,6825445
,Lebanon,33.8547,35.8623,2020-04-13,632,20,", Lebanon",2.0,0.0,13.0,0.14285714285714285,6825445
,Lebanon,33.8547,35.8623,2020-04-14,641,21,", Lebanon",9.0,1.0,13.285714285714286,0.2857142857142857,6825445
,Lebanon,33.8547,35.8623,2020-04-15,658,21,", Lebanon",17.0,0.0,11.714285714285714,0.2857142857142857,6825445
,Lebanon,33.8547,35.8623,2020-04-16,663,21,", Lebanon",5.0,0.0,11.571428571428571,0.2857142857142857,6825445
,Lebanon,33.8547,35.8623,2020-04-17,668,21,", Lebanon",5.0,0.0,8.428571428571429,0.14285714285714285,6825445
,Lebanon,33.8547,35.8623,2020-04-18,672,21,", Lebanon",4.0,0.0,7.571428571428571,0.14285714285714285,6825445
,Lebanon,33.8547,35.8623,2020-04-19,673,21,", Lebanon",1.0,0.0,6.142857142857143,0.14285714285714285,6825445
,Lebanon,33.8547,35.8623,2020-04-20,677,21,", Lebanon",4.0,0.0,6.428571428571429,0.14285714285714285,6825445
,Lebanon,33.8547,35.8623,2020-04-21,677,21,", Lebanon",0.0,0.0,5.142857142857143,0.0,6825445
,Lebanon,33.8547,35.8623,2020-04-22,682,22,", Lebanon",5.0,1.0,3.4285714285714284,0.14285714285714285,6825445
,Lebanon,33.8547,35.8623,2020-04-23,688,22,", Lebanon",6.0,0.0,3.5714285714285716,0.14285714285714285,6825445
,Lebanon,33.8547,35.8623,2020-04-24,696,22,", Lebanon",8.0,0.0,4.0,0.14285714285714285,6825445
,Lebanon,33.8547,35.8623,2020-04-25,704,24,", Lebanon",8.0,2.0,4.571428571428571,0.42857142857142855,6825445
,Lebanon,33.8547,35.8623,2020-04-26,707,24,", Lebanon",3.0,0.0,4.857142857142857,0.42857142857142855,6825445
,Lebanon,33.8547,35.8623,2020-04-27,710,24,", Lebanon",3.0,0.0,4.714285714285714,0.42857142857142855,6825445
,Lebanon,33.8547,35.8623,2020-04-28,717,24,", Lebanon",7.0,0.0,5.714285714285714,0.42857142857142855,6825445
,Lebanon,33.8547,35.8623,2020-04-29,721,24,", Lebanon",4.0,0.0,5.571428571428571,0.2857142857142857,6825445
,Lebanon,33.8547,35.8623,2020-04-30,725,24,", Lebanon",4.0,0.0,5.285714285714286,0.2857142857142857,6825445
,Lebanon,33.8547,35.8623,2020-05-01,729,24,", Lebanon",4.0,0.0,4.714285714285714,0.2857142857142857,6825445
,Lebanon,33.8547,35.8623,2020-05-02,733,25,", Lebanon",4.0,1.0,4.142857142857143,0.14285714285714285,6825445
,Lebanon,33.8547,35.8623,2020-05-03,737,25,", Lebanon",4.0,0.0,4.285714285714286,0.14285714285714285,6825445
,Lebanon,33.8547,35.8623,2020-05-04,740,25,", Lebanon",3.0,0.0,4.285714285714286,0.14285714285714285,6825445
,Lebanon,33.8547,35.8623,2020-05-05,741,25,", Lebanon",1.0,0.0,3.4285714285714284,0.14285714285714285,6825445
,Lebanon,33.8547,35.8623,2020-05-06,750,25,", Lebanon",9.0,0.0,4.142857142857143,0.14285714285714285,6825445
,Lebanon,33.8547,35.8623,2020-05-07,784,25,", Lebanon",34.0,0.0,8.428571428571429,0.14285714285714285,6825445
,Lebanon,33.8547,35.8623,2020-05-08,796,26,", Lebanon",12.0,1.0,9.571428571428571,0.2857142857142857,6825445
,Lebanon,33.8547,35.8623,2020-05-09,809,26,", Lebanon",13.0,0.0,10.857142857142858,0.14285714285714285,6825445
,Lebanon,33.8547,35.8623,2020-05-10,845,26,", Lebanon",36.0,0.0,15.428571428571429,0.14285714285714285,6825445
,Lebanon,33.8547,35.8623,2020-05-11,859,26,", Lebanon",14.0,0.0,17.0,0.14285714285714285,6825445
,Lebanon,33.8547,35.8623,2020-05-12,870,26,", Lebanon",11.0,0.0,18.428571428571427,0.14285714285714285,6825445
,Lebanon,33.8547,35.8623,2020-05-13,878,26,", Lebanon",8.0,0.0,18.285714285714285,0.14285714285714285,6825445
,Lebanon,33.8547,35.8623,2020-05-14,886,26,", Lebanon",8.0,0.0,14.571428571428571,0.14285714285714285,6825445
,Lebanon,33.8547,35.8623,2020-05-15,891,26,", Lebanon",5.0,0.0,13.571428571428571,0.0,6825445
,Lebanon,33.8547,35.8623,2020-05-16,902,26,", Lebanon",11.0,0.0,13.285714285714286,0.0,6825445
,Lebanon,33.8547,35.8623,2020-05-17,911,26,", Lebanon",9.0,0.0,9.428571428571429,0.0,6825445
,Lebanon,33.8547,35.8623,2020-05-18,931,26,", Lebanon",20.0,0.0,10.285714285714286,0.0,6825445
,Lebanon,33.8547,35.8623,2020-05-19,954,26,", Lebanon",23.0,0.0,12.0,0.0,6825445
,Lebanon,33.8547,35.8623,2020-05-20,961,26,", Lebanon",7.0,0.0,11.857142857142858,0.0,6825445
,Lebanon,33.8547,35.8623,2020-05-21,1024,26,", Lebanon",63.0,0.0,19.714285714285715,0.0,6825445
,Lebanon,33.8547,35.8623,2020-05-22,1086,26,", Lebanon",62.0,0.0,27.857142857142858,0.0,6825445
,Lebanon,33.8547,35.8623,2020-05-23,1097,26,", Lebanon",11.0,0.0,27.857142857142858,0.0,6825445
,Lebanon,33.8547,35.8623,2020-05-24,1114,26,", Lebanon",17.0,0.0,29.0,0.0,6825445
,Lebanon,33.8547,35.8623,2020-05-25,1119,26,", Lebanon",5.0,0.0,26.857142857142858,0.0,6825445
,Lebanon,33.8547,35.8623,2020-05-26,1140,26,", Lebanon",21.0,0.0,26.571428571428573,0.0,6825445
,Lebanon,33.8547,35.8623,2020-05-27,1161,26,", Lebanon",21.0,0.0,28.571428571428573,0.0,6825445
,Lebanon,33.8547,35.8623,2020-05-28,1168,26,", Lebanon",7.0,0.0,20.571428571428573,0.0,6825445
,Lebanon,33.8547,35.8623,2020-05-29,1172,26,", Lebanon",4.0,0.0,12.285714285714286,0.0,6825445
,Lebanon,33.8547,35.8623,2020-05-30,1191,26,", Lebanon",19.0,0.0,13.428571428571429,0.0,6825445
,Lebanon,33.8547,35.8623,2020-05-31,1220,27,", Lebanon",29.0,1.0,15.142857142857142,0.14285714285714285,6825445
,Lebanon,33.8547,35.8623,2020-06-01,1233,27,", Lebanon",13.0,0.0,16.285714285714285,0.14285714285714285,6825445
,Lebanon,33.8547,35.8623,2020-06-02,1242,27,", Lebanon",9.0,0.0,14.571428571428571,0.14285714285714285,6825445
,Lebanon,33.8547,35.8623,2020-06-03,1256,27,", Lebanon",14.0,0.0,13.571428571428571,0.14285714285714285,6825445
,Lebanon,33.8547,35.8623,2020-06-04,1306,28,", Lebanon",50.0,1.0,19.714285714285715,0.2857142857142857,6825445
,Lebanon,33.8547,35.8623,2020-06-05,1312,28,", Lebanon",6.0,0.0,20.0,0.2857142857142857,6825445
,Lebanon,33.8547,35.8623,2020-06-06,1320,29,", Lebanon",8.0,1.0,18.428571428571427,0.42857142857142855,6825445
,Lebanon,33.8547,35.8623,2020-06-07,1331,30,", Lebanon",11.0,1.0,15.857142857142858,0.42857142857142855,6825445
,Lebanon,33.8547,35.8623,2020-06-08,1350,30,", Lebanon",19.0,0.0,16.714285714285715,0.42857142857142855,6825445
,Lebanon,33.8547,35.8623,2020-06-09,1368,30,", Lebanon",18.0,0.0,18.0,0.42857142857142855,6825445
,Lebanon,33.8547,35.8623,2020-06-10,1388,30,", Lebanon",20.0,0.0,18.857142857142858,0.42857142857142855,6825445
,Lebanon,33.8547,35.8623,2020-06-11,1402,31,", Lebanon",14.0,1.0,13.714285714285714,0.42857142857142855,6825445
,Lebanon,33.8547,35.8623,2020-06-12,1422,31,", Lebanon",20.0,0.0,15.714285714285714,0.42857142857142855,6825445
,Lebanon,33.8547,35.8623,2020-06-13,1442,32,", Lebanon",20.0,1.0,17.428571428571427,0.42857142857142855,6825445
,Lebanon,33.8547,35.8623,2020-06-14,1446,32,", Lebanon",4.0,0.0,16.428571428571427,0.2857142857142857,6825445
,Lebanon,33.8547,35.8623,2020-06-15,1464,32,", Lebanon",18.0,0.0,16.285714285714285,0.2857142857142857,6825445
,Lebanon,33.8547,35.8623,2020-06-16,1473,32,", Lebanon",9.0,0.0,15.0,0.2857142857142857,6825445
,Lebanon,33.8547,35.8623,2020-06-17,1489,32,", Lebanon",16.0,0.0,14.428571428571429,0.2857142857142857,6825445
,Lebanon,33.8547,35.8623,2020-06-18,1495,32,", Lebanon",6.0,0.0,13.285714285714286,0.14285714285714285,6825445
,Lebanon,33.8547,35.8623,2020-06-19,1510,32,", Lebanon",15.0,0.0,12.571428571428571,0.14285714285714285,6825445
,Lebanon,33.8547,35.8623,2020-06-20,1536,32,", Lebanon",26.0,0.0,13.428571428571429,0.0,6825445
,Lebanon,33.8547,35.8623,2020-06-21,1587,32,", Lebanon",51.0,0.0,20.142857142857142,0.0,6825445
,Lebanon,33.8547,35.8623,2020-06-22,1603,32,", Lebanon",16.0,0.0,19.857142857142858,0.0,6825445
,Lebanon,33.8547,35.8623,2020-06-23,1622,32,", Lebanon",19.0,0.0,21.285714285714285,0.0,6825445
,Lebanon,33.8547,35.8623,2020-06-24,1644,33,", Lebanon",22.0,1.0,22.142857142857142,0.14285714285714285,6825445
,Lebanon,33.8547,35.8623,2020-06-25,1662,33,", Lebanon",18.0,0.0,23.857142857142858,0.14285714285714285,6825445
,Lebanon,33.8547,35.8623,2020-06-26,1697,33,", Lebanon",35.0,0.0,26.714285714285715,0.14285714285714285,6825445
,Lebanon,33.8547,35.8623,2020-06-27,1719,33,", Lebanon",22.0,0.0,26.142857142857142,0.14285714285714285,6825445
,Lebanon,33.8547,35.8623,2020-06-28,1740,34,", Lebanon",21.0,1.0,21.857142857142858,0.2857142857142857,6825445
,Lebanon,33.8547,35.8623,2020-06-29,1745,34,", Lebanon",5.0,0.0,20.285714285714285,0.2857142857142857,6825445
,Lebanon,33.8547,35.8623,2020-06-30,1778,34,", Lebanon",33.0,0.0,22.285714285714285,0.2857142857142857,6825445
,Lebanon,33.8547,35.8623,2020-07-01,1788,34,", Lebanon",10.0,0.0,20.571428571428573,0.14285714285714285,6825445
,Lebanon,33.8547,35.8623,2020-07-02,1796,35,", Lebanon",8.0,1.0,19.142857142857142,0.2857142857142857,6825445
,Lebanon,33.8547,35.8623,2020-07-03,1830,35,", Lebanon",34.0,0.0,19.0,0.2857142857142857,6825445
,Lebanon,33.8547,35.8623,2020-07-04,1855,35,", Lebanon",25.0,0.0,19.428571428571427,0.2857142857142857,6825445
,Lebanon,33.8547,35.8623,2020-07-05,1873,36,", Lebanon",18.0,1.0,19.0,0.2857142857142857,6825445
,Lebanon,33.8547,35.8623,2020-07-06,1885,36,", Lebanon",12.0,0.0,20.0,0.2857142857142857,6825445
,Lebanon,33.8547,35.8623,2020-07-07,1907,36,", Lebanon",22.0,0.0,18.428571428571427,0.2857142857142857,6825445
,Lebanon,33.8547,35.8623,2020-07-08,1946,36,", Lebanon",39.0,0.0,22.571428571428573,0.2857142857142857,6825445
,Lebanon,33.8547,35.8623,2020-07-09,2011,36,", Lebanon",65.0,0.0,30.714285714285715,0.14285714285714285,6825445
,Lebanon,33.8547,35.8623,2020-07-10,2082,36,", Lebanon",71.0,0.0,36.0,0.14285714285714285,6825445
,Lebanon,33.8547,35.8623,2020-07-11,2168,36,", Lebanon",86.0,0.0,44.714285714285715,0.14285714285714285,6825445
,Lebanon,33.8547,35.8623,2020-07-12,2334,36,", Lebanon",166.0,0.0,65.85714285714286,0.0,6825445
,Lebanon,33.8547,35.8623,2020-07-13,2419,36,", Lebanon",85.0,0.0,76.28571428571429,0.0,6825445
,Lebanon,33.8547,35.8623,2020-07-14,2451,37,", Lebanon",32.0,1.0,77.71428571428571,0.14285714285714285,6825445
,Lebanon,33.8547,35.8623,2020-07-15,2542,38,", Lebanon",91.0,1.0,85.14285714285714,0.2857142857142857,6825445
,Lebanon,33.8547,35.8623,2020-07-16,2599,40,", Lebanon",57.0,2.0,84.0,0.5714285714285714,6825445
,Lebanon,33.8547,35.8623,2020-07-17,2700,40,", Lebanon",101.0,0.0,88.28571428571429,0.5714285714285714,6825445
,Lebanon,33.8547,35.8623,2020-07-18,2775,40,", Lebanon",75.0,0.0,86.71428571428571,0.5714285714285714,6825445
,Lebanon,33.8547,35.8623,2020-07-19,2859,40,", Lebanon",84.0,0.0,75.0,0.5714285714285714,6825445
,Lebanon,33.8547,35.8623,2020-07-20,2905,41,", Lebanon",46.0,1.0,69.42857142857143,0.7142857142857143,6825445
,Lebanon,33.8547,35.8623,2020-07-21,2980,41,", Lebanon",75.0,0.0,75.57142857142857,0.5714285714285714,6825445
,Lebanon,33.8547,35.8623,2020-07-22,3104,43,", Lebanon",124.0,2.0,80.28571428571429,0.7142857142857143,6825445
,Lebanon,33.8547,35.8623,2020-07-23,3260,43,", Lebanon",156.0,0.0,94.42857142857143,0.42857142857142855,6825445
,Lebanon,33.8547,35.8623,2020-07-24,3407,46,", Lebanon",147.0,3.0,101.0,0.8571428571428571,6825445
,Lebanon,33.8547,35.8623,2020-07-25,3582,47,", Lebanon",175.0,1.0,115.28571428571429,1.0,6825445
,Lebanon,33.8547,35.8623,2020-07-26,3750,51,", Lebanon",168.0,4.0,127.28571428571429,1.5714285714285714,6825445
,Lebanon,33.8547,35.8623,2020-07-27,3882,51,", Lebanon",132.0,0.0,139.57142857142858,1.4285714285714286,6825445
,Lebanon,33.8547,35.8623,2020-07-28,4023,54,", Lebanon",141.0,3.0,149.0,1.8571428571428572,6825445
,Lebanon,33.8547,35.8623,2020-07-29,4205,55,", Lebanon",182.0,1.0,157.28571428571428,1.7142857142857142,6825445
,Lebanon,33.8547,35.8623,2020-07-30,4334,57,", Lebanon",129.0,2.0,153.42857142857142,2.0,6825445
,Lebanon,33.8547,35.8623,2020-07-31,4555,61,", Lebanon",221.0,4.0,164.0,2.142857142857143,6825445
,Lebanon,33.8547,35.8623,2020-08-01,4730,61,", Lebanon",175.0,0.0,164.0,2.0,6825445
,Lebanon,33.8547,35.8623,2020-08-02,4885,62,", Lebanon",155.0,1.0,162.14285714285714,1.5714285714285714,6825445
,Lebanon,33.8547,35.8623,2020-08-03,5062,65,", Lebanon",177.0,3.0,168.57142857142858,2.0,6825445
,Lebanon,33.8547,35.8623,2020-08-04,5062,65,", Lebanon",0.0,0.0,148.42857142857142,1.5714285714285714,6825445
,Lebanon,33.8547,35.8623,2020-08-05,5417,68,", Lebanon",355.0,3.0,173.14285714285714,1.8571428571428572,6825445
,Lebanon,33.8547,35.8623,2020-08-06,5672,70,", Lebanon",255.0,2.0,191.14285714285714,1.8571428571428572,6825445
,Lebanon,33.8547,35.8623,2020-08-07,5951,70,", Lebanon",279.0,0.0,199.42857142857142,1.2857142857142858,6825445
,Lebanon,33.8547,35.8623,2020-08-08,6223,78,", Lebanon",272.0,8.0,213.28571428571428,2.4285714285714284,6825445
,Lebanon,33.8547,35.8623,2020-08-09,6517,78,", Lebanon",294.0,0.0,233.14285714285714,2.2857142857142856,6825445
,Lebanon,33.8547,35.8623,2020-08-10,6812,80,", Lebanon",295.0,2.0,250.0,2.142857142857143,6825445
,Lebanon,33.8547,35.8623,2020-08-11,7121,87,", Lebanon",309.0,7.0,294.14285714285717,3.142857142857143,6825445
,Lebanon,33.8547,35.8623,2020-08-12,7413,89,", Lebanon",292.0,2.0,285.14285714285717,3.0,6825445
,Lebanon,33.8547,35.8623,2020-08-13,7711,92,", Lebanon",298.0,3.0,291.2857142857143,3.142857142857143,6825445
,Lebanon,33.8547,35.8623,2020-08-14,8045,94,", Lebanon",334.0,2.0,299.14285714285717,3.4285714285714284,6825445
,Lebanon,33.8547,35.8623,2020-08-15,8442,97,", Lebanon",397.0,3.0,317.0,2.7142857142857144,6825445
,Lebanon,33.8547,35.8623,2020-08-16,8881,103,", Lebanon",439.0,6.0,337.7142857142857,3.5714285714285716,6825445
,Lebanon,33.8547,35.8623,2020-08-17,9337,105,", Lebanon",456.0,2.0,360.7142857142857,3.5714285714285716,6825445
,Lebanon,33.8547,35.8623,2020-08-18,9758,107,", Lebanon",421.0,2.0,376.7142857142857,2.857142857142857,6825445
,Lebanon,33.8547,35.8623,2020-08-19,10347,109,", Lebanon",589.0,2.0,419.14285714285717,2.857142857142857,6825445
,Lebanon,33.8547,35.8623,2020-08-20,10952,113,", Lebanon",605.0,4.0,463.0,3.0,6825445
,Lebanon,33.8547,35.8623,2020-08-21,11580,116,", Lebanon",628.0,3.0,505.0,3.142857142857143,6825445
,Lebanon,33.8547,35.8623,2020-08-22,12191,121,", Lebanon",611.0,5.0,535.5714285714286,3.4285714285714284,6825445
,Lebanon,33.8547,35.8623,2020-08-23,12698,123,", Lebanon",507.0,2.0,545.2857142857143,2.857142857142857,6825445
,Lebanon,33.8547,35.8623,2020-08-24,13155,126,", Lebanon",457.0,3.0,545.4285714285714,3.0,6825445
,Lebanon,33.8547,35.8623,2020-08-25,13687,138,", Lebanon",532.0,12.0,561.2857142857143,4.428571428571429,6825445
,Lebanon,33.8547,35.8623,2020-08-26,14248,139,", Lebanon",561.0,1.0,557.2857142857143,4.285714285714286,6825445
,Lebanon,33.8547,35.8623,2020-08-27,14937,146,", Lebanon",689.0,7.0,569.2857142857143,4.714285714285714,6825445
,Lebanon,33.8547,35.8623,2020-08-28,15613,148,", Lebanon",676.0,2.0,576.1428571428571,4.571428571428571,6825445
,Lebanon,33.8547,35.8623,2020-08-29,16275,155,", Lebanon",662.0,7.0,583.4285714285714,4.857142857142857,6825445
,Lebanon,33.8547,35.8623,2020-08-30,16870,160,", Lebanon",595.0,5.0,596.0,5.285714285714286,6825445
,Lebanon,33.8547,35.8623,2020-08-31,17308,167,", Lebanon",438.0,7.0,593.2857142857143,5.857142857142857,6825445
,Lebanon,33.8547,35.8623,2020-09-01,17777,171,", Lebanon",469.0,4.0,584.2857142857143,4.714285714285714,6825445
,Lebanon,33.8547,35.8623,2020-09-02,18375,177,", Lebanon",598.0,6.0,589.5714285714286,5.428571428571429,6825445
,Lebanon,33.8547,35.8623,2020-09-03,18963,179,", Lebanon",588.0,2.0,575.1428571428571,4.714285714285714,6825445
,Lebanon,33.8547,35.8623,2020-09-04,19490,183,", Lebanon",527.0,4.0,553.8571428571429,5.0,6825445
,Lebanon,33.8547,35.8623,2020-09-05,20011,187,", Lebanon",521.0,4.0,533.7142857142857,4.571428571428571,6825445
,Lebanon,33.8547,35.8623,2020-09-06,20426,191,", Lebanon",415.0,4.0,508.0,4.428571428571429,6825445
,Lebanon,33.8547,35.8623,2020-09-07,20826,200,", Lebanon",400.0,9.0,502.57142857142856,4.714285714285714,6825445
,Lebanon,33.8547,35.8623,2020-09-08,21324,207,", Lebanon",498.0,7.0,506.7142857142857,5.142857142857143,6825445
,Lebanon,33.8547,35.8623,2020-09-09,21877,212,", Lebanon",553.0,5.0,500.2857142857143,5.0,6825445
,Lebanon,33.8547,35.8623,2020-09-10,22437,219,", Lebanon",560.0,7.0,496.2857142857143,5.714285714285714,6825445
,Lebanon,33.8547,35.8623,2020-09-11,22983,229,", Lebanon",546.0,10.0,499.0,6.571428571428571,6825445
,Lebanon,33.8547,35.8623,2020-09-12,23669,239,", Lebanon",686.0,10.0,522.5714285714286,7.428571428571429,6825445
,Lebanon,33.8547,35.8623,2020-09-13,24310,241,", Lebanon",641.0,2.0,554.8571428571429,7.142857142857143,6825445
,Lebanon,33.8547,35.8623,2020-09-14,25401,246,", Lebanon",1091.0,5.0,653.5714285714286,6.571428571428571,6825445
,Lebanon,33.8547,35.8623,2020-09-15,25449,252,", Lebanon",48.0,6.0,589.2857142857143,6.428571428571429,6825445
,Lebanon,33.8547,35.8623,2020-09-16,26083,259,", Lebanon",634.0,7.0,600.8571428571429,6.714285714285714,6825445
,Lebanon,33.8547,35.8623,2020-09-17,26768,263,", Lebanon",685.0,4.0,618.7142857142857,6.285714285714286,6825445
,Lebanon,33.8547,35.8623,2020-09-18,27518,281,", Lebanon",750.0,18.0,647.8571428571429,7.428571428571429,6825445
,Lebanon,33.8547,35.8623,2020-09-19,28297,286,", Lebanon",779.0,5.0,661.1428571428571,6.714285714285714,6825445
,Lebanon,33.8547,35.8623,2020-09-20,29303,297,", Lebanon",1006.0,11.0,713.2857142857143,8.0,6825445
,Lebanon,33.8547,35.8623,2020-09-21,29987,307,", Lebanon",684.0,10.0,655.1428571428571,8.714285714285714,6825445
,Lebanon,33.8547,35.8623,2020-09-22,30852,315,", Lebanon",865.0,8.0,771.8571428571429,9.0,6825445
,Lebanon,33.8547,35.8623,2020-09-23,31792,328,", Lebanon",940.0,13.0,815.5714285714286,9.857142857142858,6825445
,Lebanon,33.8547,35.8623,2020-09-24,32819,329,", Lebanon",1027.0,1.0,864.4285714285714,9.428571428571429,6825445
,Lebanon,33.8547,35.8623,2020-09-25,33962,333,", Lebanon",1143.0,4.0,920.5714285714286,7.428571428571429,6825445
,Lebanon,33.8547,35.8623,2020-09-26,35242,340,", Lebanon",1280.0,7.0,992.1428571428571,7.714285714285714,6825445
,Lebanon,33.8547,35.8623,2020-09-27,36254,347,", Lebanon",1012.0,7.0,993.0,7.142857142857143,6825445
,Lebanon,33.8547,35.8623,2020-09-28,37272,351,", Lebanon",1018.0,4.0,1040.7142857142858,6.285714285714286,6825445
,Lebanon,33.8547,35.8623,2020-09-29,38377,361,", Lebanon",1105.0,10.0,1075.0,6.571428571428571,6825445
,Lebanon,33.8547,35.8623,2020-09-30,39634,367,", Lebanon",1257.0,6.0,1120.2857142857142,5.571428571428571,6825445
,Lebanon,33.8547,35.8623,2020-10-01,40882,374,", Lebanon",1248.0,7.0,1151.857142857143,6.428571428571429,6825445
,Lebanon,33.8547,35.8623,2020-10-02,42173,386,", Lebanon",1291.0,12.0,1173.0,7.571428571428571,6825445
,Lebanon,33.8547,35.8623,2020-10-03,43494,398,", Lebanon",1321.0,12.0,1178.857142857143,8.285714285714286,6825445
,Lebanon,33.8547,35.8623,2020-10-04,44482,406,", Lebanon",988.0,8.0,1175.4285714285713,8.428571428571429,6825445
,Lebanon,33.8547,35.8623,2020-10-05,45657,414,", Lebanon",1175.0,8.0,1197.857142857143,9.0,6825445
,Lebanon,33.8547,35.8623,2020-10-06,46918,424,", Lebanon",1261.0,10.0,1220.142857142857,9.0,6825445
,Lebanon,33.8547,35.8623,2020-10-07,48377,433,", Lebanon",1459.0,9.0,1249.0,9.428571428571429,6825445
,Lebanon,33.8547,35.8623,2020-10-08,49744,439,", Lebanon",1367.0,6.0,1266.0,9.285714285714286,6825445
,Lebanon,33.8547,35.8623,2020-10-09,51170,450,", Lebanon",1426.0,11.0,1285.2857142857142,9.142857142857142,6825445
,Lebanon,33.8547,35.8623,2020-10-10,52558,455,", Lebanon",1388.0,5.0,1294.857142857143,8.142857142857142,6825445
,Lebanon,33.8547,35.8623,2020-10-11,53568,459,", Lebanon",1010.0,4.0,1298.0,7.571428571428571,6825445
,Lebanon,33.8547,35.8623,2020-10-12,54624,466,", Lebanon",1056.0,7.0,1281.0,7.428571428571429,6825445
,Lebanon,33.8547,35.8623,2020-10-13,55869,479,", Lebanon",1245.0,13.0,1278.7142857142858,7.857142857142857,6825445
,Lebanon,33.8547,35.8623,2020-10-14,57246,499,", Lebanon",1377.0,20.0,1267.0,9.428571428571429,6825445
,Lebanon,33.8547,35.8623,2020-10-15,58745,501,", Lebanon",1499.0,2.0,1285.857142857143,8.857142857142858,6825445
,Lebanon,33.8547,35.8623,2020-10-16,60113,509,", Lebanon",1368.0,8.0,1277.5714285714287,8.428571428571429,6825445
,Lebanon,33.8547,35.8623,2020-10-17,61284,517,", Lebanon",1171.0,8.0,1246.5714285714287,8.857142857142858,6825445
,Lebanon,33.8547,35.8623,2020-10-18,62286,520,", Lebanon",1002.0,3.0,1245.4285714285713,8.714285714285714,6825445
,Lebanon,33.8547,35.8623,2020-10-19,62944,526,", Lebanon",658.0,6.0,1188.5714285714287,8.571428571428571,6825445
,Lebanon,33.8547,35.8623,2020-10-20,64336,531,", Lebanon",1392.0,5.0,1209.5714285714287,7.428571428571429,6825445
,Lebanon,33.8547,35.8623,2020-10-21,65577,536,", Lebanon",1241.0,5.0,1190.142857142857,5.285714285714286,6825445
,Lebanon,33.8547,35.8623,2020-10-22,67027,552,", Lebanon",1450.0,16.0,1183.142857142857,7.285714285714286,6825445
,Lebanon,33.8547,35.8623,2020-10-23,68479,559,", Lebanon",1452.0,7.0,1195.142857142857,7.142857142857143,6825445
,Lebanon,33.8547,35.8623,2020-10-24,69906,562,", Lebanon",1427.0,3.0,1231.7142857142858,6.428571428571429,6825445
,Lebanon,33.8547,35.8623,2020-10-25,71390,565,", Lebanon",1484.0,3.0,1300.5714285714287,6.428571428571429,6825445
,Lebanon,33.8547,35.8623,2020-10-26,72186,579,", Lebanon",796.0,14.0,1320.2857142857142,7.571428571428571,6825445
,Lebanon,33.8547,35.8623,2020-10-27,73995,590,", Lebanon",1809.0,11.0,1379.857142857143,8.428571428571429,6825445
,Lebanon,33.8547,35.8623,2020-10-28,75845,602,", Lebanon",1850.0,12.0,1466.857142857143,9.428571428571429,6825445
,Lebanon,33.8547,35.8623,2020-10-29,77778,610,", Lebanon",1933.0,8.0,1535.857142857143,8.285714285714286,6825445
,Lebanon,33.8547,35.8623,2020-10-30,79529,625,", Lebanon",1751.0,15.0,1578.5714285714287,9.428571428571429,6825445
,Lebanon,33.8547,35.8623,2020-10-31,81228,637,", Lebanon",1699.0,12.0,1617.4285714285713,10.714285714285714,6825445
,Lebanon,33.8547,35.8623,2020-11-01,82617,643,", Lebanon",1389.0,6.0,1603.857142857143,11.142857142857142,6825445
,Lebanon,33.8547,35.8623,2020-11-02,83697,652,", Lebanon",1080.0,9.0,1644.4285714285713,10.428571428571429,6825445
,Lebanon,33.8547,35.8623,2020-11-03,85209,667,", Lebanon",1512.0,15.0,1602.0,11.0,6825445
,Lebanon,33.8547,35.8623,2020-11-04,87097,676,", Lebanon",1888.0,9.0,1607.4285714285713,10.571428571428571,6825445
,Lebanon,33.8547,35.8623,2020-11-05,89186,683,", Lebanon",2089.0,7.0,1629.7142857142858,10.428571428571429,6825445
,Lebanon,33.8547,35.8623,2020-11-06,91328,700,", Lebanon",2142.0,17.0,1685.5714285714287,10.714285714285714,6825445
,Lebanon,33.8547,35.8623,2020-11-07,93097,713,", Lebanon",1769.0,13.0,1695.5714285714287,10.857142857142858,6825445
,Lebanon,33.8547,35.8623,2020-11-08,94236,723,", Lebanon",1139.0,10.0,1659.857142857143,11.428571428571429,6825445
,Lebanon,33.8547,35.8623,2020-11-09,95355,732,", Lebanon",1119.0,9.0,1665.4285714285713,11.428571428571429,6825445
,Lebanon,33.8547,35.8623,2020-11-10,96907,749,", Lebanon",1552.0,17.0,1671.142857142857,11.714285714285714,6825445
,Lebanon,33.8547,35.8623,2020-11-11,98829,763,", Lebanon",1922.0,14.0,1676.0,12.428571428571429,6825445
,Lebanon,33.8547,35.8623,2020-11-12,100703,775,", Lebanon",1874.0,12.0,1645.2857142857142,13.142857142857142,6825445
,Lebanon,33.8547,35.8623,2020-11-13,102607,796,", Lebanon",1904.0,21.0,1611.2857142857142,13.714285714285714,6825445
,Lebanon,33.8547,35.8623,2020-11-14,104267,806,", Lebanon",1660.0,10.0,1595.7142857142858,13.285714285714286,6825445
,Lebanon,33.8547,35.8623,2020-11-15,105430,817,", Lebanon",1163.0,11.0,1599.142857142857,13.428571428571429,6825445
,Lebanon,33.8547,35.8623,2020-11-16,106446,827,", Lebanon",1016.0,10.0,1584.4285714285713,13.571428571428571,6825445
,Lebanon,33.8547,35.8623,2020-11-17,107953,839,", Lebanon",1507.0,12.0,1578.0,12.857142857142858,6825445
,Lebanon,33.8547,35.8623,2020-11-18,110037,852,", Lebanon",2084.0,13.0,1601.142857142857,12.714285714285714,6825445
,Lebanon,33.8547,35.8623,2020-11-19,111946,868,", Lebanon",1909.0,16.0,1606.142857142857,13.285714285714286,6825445
,Lebanon,33.8547,35.8623,2020-11-20,113655,884,", Lebanon",1709.0,16.0,1578.2857142857142,12.571428571428571,6825445
,Lebanon,33.8547,35.8623,2020-11-21,115283,894,", Lebanon",1628.0,10.0,1573.7142857142858,12.571428571428571,6825445
,Lebanon,33.8547,35.8623,2020-11-22,116476,900,", Lebanon",1193.0,6.0,1578.0,11.857142857142858,6825445
,Lebanon,33.8547,35.8623,2020-11-23,117517,911,", Lebanon",1041.0,11.0,1581.5714285714287,12.0,6825445
,Lebanon,33.8547,35.8623,2020-11-24,118705,934,", Lebanon",1188.0,23.0,1536.0,13.571428571428571,6825445
,Lebanon,33.8547,35.8623,2020-11-25,120341,950,", Lebanon",1636.0,16.0,1472.0,14.0,6825445
,Lebanon,33.8547,35.8623,2020-11-26,122200,974,", Lebanon",1859.0,24.0,1464.857142857143,15.142857142857142,6825445
,Lebanon,33.8547,35.8623,2020-11-27,123982,980,", Lebanon",1782.0,6.0,1475.2857142857142,13.714285714285714,6825445
,Lebanon,33.8547,35.8623,2020-11-28,125678,991,", Lebanon",1696.0,11.0,1485.0,13.857142857142858,6825445
,Lebanon,33.8547,35.8623,2020-11-29,126944,1004,", Lebanon",1266.0,13.0,1495.4285714285713,14.857142857142858,6825445
,Lebanon,33.8547,35.8623,2020-11-30,127944,1018,", Lebanon",1000.0,14.0,1489.5714285714287,15.285714285714286,6825445
,Lebanon,33.8547,35.8623,2020-12-01,129455,1033,", Lebanon",1511.0,15.0,1535.7142857142858,14.142857142857142,6825445
,Lebanon,33.8547,35.8623,2020-12-02,131297,1055,", Lebanon",1842.0,22.0,1565.142857142857,15.0,6825445
,Lebanon,33.8547,35.8623,2020-12-03,132817,1067,", Lebanon",1520.0,12.0,1516.7142857142858,13.285714285714286,6825445
,Lebanon,33.8547,35.8623,2020-12-04,134295,1078,", Lebanon",1478.0,11.0,1473.2857142857142,14.0,6825445
,Lebanon,33.8547,35.8623,2020-12-05,134295,1078,", Lebanon",0.0,0.0,1231.0,12.428571428571429,6825445
,Lebanon,33.8547,35.8623,2020-12-06,137112,1099,", Lebanon",2817.0,21.0,1452.5714285714287,13.571428571428571,6825445
,Lebanon,33.8547,35.8623,2020-12-07,138096,1115,", Lebanon",984.0,16.0,1450.2857142857142,13.857142857142858,6825445
,Lebanon,33.8547,35.8623,2020-12-08,139135,1136,", Lebanon",1039.0,21.0,1382.857142857143,14.714285714285714,6825445
,Lebanon,33.8547,35.8623,2020-12-09,140409,1156,", Lebanon",1274.0,20.0,1301.7142857142858,14.428571428571429,6825445
,Lebanon,33.8547,35.8623,2020-12-10,142187,1170,", Lebanon",1778.0,14.0,1338.5714285714287,14.714285714285714,6825445
,Lebanon,33.8547,35.8623,2020-12-11,143705,1182,", Lebanon",1518.0,12.0,1344.2857142857142,14.857142857142858,6825445
,Lebanon,33.8547,35.8623,2020-12-12,145245,1190,", Lebanon",1540.0,8.0,1564.2857142857142,16.0,6825445
,Lebanon,33.8547,35.8623,2020-12-13,146520,1200,", Lebanon",1275.0,10.0,1344.0,14.428571428571429,6825445
,Lebanon,33.8547,35.8623,2020-12-14,147613,1210,", Lebanon",1093.0,10.0,1359.5714285714287,13.571428571428571,6825445
,Lebanon,33.8547,35.8623,2020-12-15,148877,1223,", Lebanon",1264.0,13.0,1391.7142857142858,12.428571428571429,6825445
,Lebanon,33.8547,35.8623,2020-12-16,150933,1234,", Lebanon",2056.0,11.0,1503.4285714285713,11.142857142857142,6825445
,Lebanon,33.8547,35.8623,2020-12-17,153049,1248,", Lebanon",2116.0,14.0,1551.7142857142858,11.142857142857142,6825445
,Lebanon,33.8547,35.8623,2020-12-18,154944,1259,", Lebanon",1895.0,11.0,1605.5714285714287,11.0,6825445
,Lebanon,33.8547,35.8623,2020-12-19,156570,1270,", Lebanon",1626.0,11.0,1617.857142857143,11.428571428571429,6825445
,Lebanon,33.8547,35.8623,2020-12-20,158104,1281,", Lebanon",1534.0,11.0,1654.857142857143,11.571428571428571,6825445
,Lebanon,33.8547,35.8623,2020-12-21,159286,1294,", Lebanon",1182.0,13.0,1667.5714285714287,12.0,6825445
,Lebanon,33.8547,35.8623,2020-12-22,160979,1311,", Lebanon",1693.0,17.0,1728.857142857143,12.571428571428571,6825445
,Lebanon,33.8547,35.8623,2020-12-23,163225,1333,", Lebanon",2246.0,22.0,1756.0,14.142857142857142,6825445
,Lebanon,33.8547,35.8623,2020-12-24,165933,1353,", Lebanon",2708.0,20.0,1840.5714285714287,15.0,6825445
,Lebanon,33.8547,35.8623,2020-12-25,168069,1367,", Lebanon",2136.0,14.0,1875.0,15.428571428571429,6825445
,Lebanon,33.8547,35.8623,2020-12-26,169472,1379,", Lebanon",1403.0,12.0,1843.142857142857,15.571428571428571,6825445
,Lebanon,33.8547,35.8623,2020-12-27,171226,1394,", Lebanon",1754.0,15.0,1874.5714285714287,16.142857142857142,6825445
,Lebanon,33.8547,35.8623,2020-12-28,172820,1409,", Lebanon",1594.0,15.0,1933.4285714285713,16.428571428571427,6825445
,Lebanon,33.8547,35.8623,2020-12-29,175118,1430,", Lebanon",2298.0,21.0,2019.857142857143,17.0,6825445
,Lebanon,33.8547,35.8623,2020-12-30,177996,1456,", Lebanon",2878.0,26.0,2110.1428571428573,17.571428571428573,6825445
,Lebanon,33.8547,35.8623,2020-12-31,181503,1468,", Lebanon",3507.0,12.0,2224.285714285714,16.428571428571427,6825445
,Lebanon,33.8547,35.8623,2021-01-01,183888,1479,", Lebanon",2385.0,11.0,2259.8571428571427,16.0,6825445
