Province_State,Country_Region,Lat,Long,Date,Population,Confirmed,Deaths,Combined_Key,ConfirmedNew,DeathsNew,ConfirmedNewMean,DeathsNewMean
Pennsylvania,US,40.9699889,-77.7278831,2020-01-22,283785111,1,0,"Pennsylvania, US",,,,
Pennsylvania,US,40.9699889,-77.7278831,2020-01-23,283785111,1,0,"Pennsylvania, US",0.0,0.0,,
Pennsylvania,US,40.9699889,-77.7278831,2020-01-24,283785111,2,0,"Pennsylvania, US",1.0,0.0,,
Pennsylvania,US,40.9699889,-77.7278831,2020-01-25,283785111,2,0,"Pennsylvania, US",0.0,0.0,,
Pennsylvania,US,40.9699889,-77.7278831,2020-01-26,283785111,3,0,"Pennsylvania, US",1.0,0.0,,
Pennsylvania,US,40.9699889,-77.7278831,2020-01-27,283785111,3,0,"Pennsylvania, US",0.0,0.0,,
Pennsylvania,US,40.9699889,-77.7278831,2020-01-28,283785111,3,0,"Pennsylvania, US",0.0,0.0,,
Pennsylvania,US,40.9699889,-77.7278831,2020-01-29,283785111,3,0,"Pennsylvania, US",0.0,0.0,0.2857142857142857,0.0
Pennsylvania,US,40.9699889,-77.7278831,2020-01-30,283785111,3,0,"Pennsylvania, US",0.0,0.0,0.2857142857142857,0.0
Pennsylvania,US,40.9699889,-77.7278831,2020-01-31,283785111,5,0,"Pennsylvania, US",2.0,0.0,0.42857142857142855,0.0
Pennsylvania,US,40.9699889,-77.7278831,2020-02-01,283785111,5,0,"Pennsylvania, US",0.0,0.0,0.42857142857142855,0.0
Pennsylvania,US,40.9699889,-77.7278831,2020-02-02,283785111,5,0,"Pennsylvania, US",0.0,0.0,0.2857142857142857,0.0
Pennsylvania,US,40.9699889,-77.7278831,2020-02-03,283785111,8,0,"Pennsylvania, US",3.0,0.0,0.7142857142857143,0.0
Pennsylvania,US,40.9699889,-77.7278831,2020-02-04,283785111,8,0,"Pennsylvania, US",0.0,0.0,0.7142857142857143,0.0
Pennsylvania,US,40.9699889,-77.7278831,2020-02-05,283785111,8,0,"Pennsylvania, US",0.0,0.0,0.7142857142857143,0.0
Pennsylvania,US,40.9699889,-77.7278831,2020-02-06,283785111,9,0,"Pennsylvania, US",1.0,0.0,0.8571428571428571,0.0
Pennsylvania,US,40.9699889,-77.7278831,2020-02-07,283785111,9,0,"Pennsylvania, US",0.0,0.0,0.5714285714285714,0.0
Pennsylvania,US,40.9699889,-77.7278831,2020-02-08,283785111,9,0,"Pennsylvania, US",0.0,0.0,0.5714285714285714,0.0
Pennsylvania,US,40.9699889,-77.7278831,2020-02-09,283785111,9,0,"Pennsylvania, US",0.0,0.0,0.5714285714285714,0.0
Pennsylvania,US,40.9699889,-77.7278831,2020-02-10,283785111,9,0,"Pennsylvania, US",0.0,0.0,0.14285714285714285,0.0
Pennsylvania,US,40.9699889,-77.7278831,2020-02-11,283785111,9,0,"Pennsylvania, US",0.0,0.0,0.14285714285714285,0.0
Pennsylvania,US,40.9699889,-77.7278831,2020-02-12,283785111,9,0,"Pennsylvania, US",0.0,0.0,0.14285714285714285,0.0
Pennsylvania,US,40.9699889,-77.7278831,2020-02-13,283785111,9,0,"Pennsylvania, US",0.0,0.0,0.0,0.0
Pennsylvania,US,40.9699889,-77.7278831,2020-02-14,283785111,9,0,"Pennsylvania, US",0.0,0.0,0.0,0.0
Pennsylvania,US,40.9699889,-77.7278831,2020-02-15,283785111,9,0,"Pennsylvania, US",0.0,0.0,0.0,0.0
Pennsylvania,US,40.9699889,-77.7278831,2020-02-16,283785111,9,0,"Pennsylvania, US",0.0,0.0,0.0,0.0
Pennsylvania,US,40.9699889,-77.7278831,2020-02-17,283785111,9,0,"Pennsylvania, US",0.0,0.0,0.0,0.0
Pennsylvania,US,40.9699889,-77.7278831,2020-02-18,283785111,9,0,"Pennsylvania, US",0.0,0.0,0.0,0.0
Pennsylvania,US,40.9699889,-77.7278831,2020-02-19,283785111,9,0,"Pennsylvania, US",0.0,0.0,0.0,0.0
Pennsylvania,US,40.9699889,-77.7278831,2020-02-20,283785111,9,0,"Pennsylvania, US",0.0,0.0,0.0,0.0
Pennsylvania,US,40.9699889,-77.7278831,2020-02-21,283785111,10,0,"Pennsylvania, US",1.0,0.0,0.14285714285714285,0.0
Pennsylvania,US,40.9699889,-77.7278831,2020-02-22,283785111,10,0,"Pennsylvania, US",0.0,0.0,0.14285714285714285,0.0
Pennsylvania,US,40.9699889,-77.7278831,2020-02-23,283785111,10,0,"Pennsylvania, US",0.0,0.0,0.14285714285714285,0.0
Pennsylvania,US,40.9699889,-77.7278831,2020-02-24,283785111,10,0,"Pennsylvania, US",0.0,0.0,0.14285714285714285,0.0
Pennsylvania,US,40.9699889,-77.7278831,2020-02-25,283785111,10,0,"Pennsylvania, US",0.0,0.0,0.14285714285714285,0.0
Pennsylvania,US,40.9699889,-77.7278831,2020-02-26,283785111,10,0,"Pennsylvania, US",0.0,0.0,0.14285714285714285,0.0
Pennsylvania,US,40.9699889,-77.7278831,2020-02-27,283785111,10,0,"Pennsylvania, US",0.0,0.0,0.14285714285714285,0.0
Pennsylvania,US,40.9699889,-77.7278831,2020-02-28,283785111,10,0,"Pennsylvania, US",0.0,0.0,0.0,0.0
Pennsylvania,US,40.9699889,-77.7278831,2020-02-29,283785111,18,1,"Pennsylvania, US",8.0,1.0,1.1428571428571428,0.14285714285714285
Pennsylvania,US,40.9699889,-77.7278831,2020-03-01,283785111,25,1,"Pennsylvania, US",7.0,0.0,2.142857142857143,0.14285714285714285
Pennsylvania,US,40.9699889,-77.7278831,2020-03-02,283785111,45,6,"Pennsylvania, US",20.0,5.0,5.0,0.8571428571428571
Pennsylvania,US,40.9699889,-77.7278831,2020-03-03,283785111,63,7,"Pennsylvania, US",18.0,1.0,7.571428571428571,1.0
Pennsylvania,US,40.9699889,-77.7278831,2020-03-04,283785111,87,10,"Pennsylvania, US",24.0,3.0,11.0,1.4285714285714286
Pennsylvania,US,40.9699889,-77.7278831,2020-03-05,283785111,155,11,"Pennsylvania, US",68.0,1.0,20.714285714285715,1.5714285714285714
Pennsylvania,US,40.9699889,-77.7278831,2020-03-06,283785111,194,13,"Pennsylvania, US",39.0,2.0,26.285714285714285,1.8571428571428572
Pennsylvania,US,40.9699889,-77.7278831,2020-03-07,283785111,338,16,"Pennsylvania, US",144.0,3.0,45.714285714285715,2.142857142857143
Pennsylvania,US,40.9699889,-77.7278831,2020-03-08,283785111,444,20,"Pennsylvania, US",106.0,4.0,59.857142857142854,2.7142857142857144
Pennsylvania,US,40.9699889,-77.7278831,2020-03-09,283785111,511,21,"Pennsylvania, US",67.0,1.0,66.57142857142857,2.142857142857143
Pennsylvania,US,40.9699889,-77.7278831,2020-03-10,283785111,673,27,"Pennsylvania, US",162.0,6.0,87.14285714285714,2.857142857142857
Pennsylvania,US,40.9699889,-77.7278831,2020-03-11,283785111,989,30,"Pennsylvania, US",316.0,3.0,128.85714285714286,2.857142857142857
Pennsylvania,US,40.9699889,-77.7278831,2020-03-12,283785111,1421,40,"Pennsylvania, US",432.0,10.0,180.85714285714286,4.142857142857143
Pennsylvania,US,40.9699889,-77.7278831,2020-03-13,283785111,2060,48,"Pennsylvania, US",639.0,8.0,266.57142857142856,5.0
Pennsylvania,US,40.9699889,-77.7278831,2020-03-14,283785111,2705,56,"Pennsylvania, US",645.0,8.0,338.14285714285717,5.714285714285714
Pennsylvania,US,40.9699889,-77.7278831,2020-03-15,283785111,2783,67,"Pennsylvania, US",78.0,11.0,334.14285714285717,6.714285714285714
Pennsylvania,US,40.9699889,-77.7278831,2020-03-16,283785111,4028,92,"Pennsylvania, US",1245.0,25.0,502.42857142857144,10.142857142857142
Pennsylvania,US,40.9699889,-77.7278831,2020-03-17,283785111,5621,124,"Pennsylvania, US",1593.0,32.0,706.8571428571429,13.857142857142858
Pennsylvania,US,40.9699889,-77.7278831,2020-03-18,283785111,7783,180,"Pennsylvania, US",2162.0,56.0,970.5714285714286,21.428571428571427
Pennsylvania,US,40.9699889,-77.7278831,2020-03-19,283785111,12224,260,"Pennsylvania, US",4441.0,80.0,1543.2857142857142,31.428571428571427
Pennsylvania,US,40.9699889,-77.7278831,2020-03-20,283785111,18090,351,"Pennsylvania, US",5866.0,91.0,2290.0,43.285714285714285
Pennsylvania,US,40.9699889,-77.7278831,2020-03-21,283785111,22833,435,"Pennsylvania, US",4743.0,84.0,2875.4285714285716,54.142857142857146
Pennsylvania,US,40.9699889,-77.7278831,2020-03-22,283785111,30450,544,"Pennsylvania, US",7617.0,109.0,3952.4285714285716,68.14285714285714
Pennsylvania,US,40.9699889,-77.7278831,2020-03-23,283785111,40762,726,"Pennsylvania, US",10312.0,182.0,5247.714285714285,90.57142857142857
Pennsylvania,US,40.9699889,-77.7278831,2020-03-24,283785111,50064,988,"Pennsylvania, US",9302.0,262.0,6349.0,123.42857142857143
Pennsylvania,US,40.9699889,-77.7278831,2020-03-25,283785111,60900,1297,"Pennsylvania, US",10836.0,309.0,7588.142857142857,159.57142857142858
Pennsylvania,US,40.9699889,-77.7278831,2020-03-26,283785111,78194,1722,"Pennsylvania, US",17294.0,425.0,9424.285714285714,208.85714285714286
Pennsylvania,US,40.9699889,-77.7278831,2020-03-27,283785111,94673,2220,"Pennsylvania, US",16479.0,498.0,10940.42857142857,267.0
Pennsylvania,US,40.9699889,-77.7278831,2020-03-28,283785111,112869,2806,"Pennsylvania, US",18196.0,586.0,12862.285714285714,338.7142857142857
Pennsylvania,US,40.9699889,-77.7278831,2020-03-29,283785111,130451,3336,"Pennsylvania, US",17582.0,530.0,14285.857142857143,398.85714285714283
Pennsylvania,US,40.9699889,-77.7278831,2020-03-30,283785111,151067,4033,"Pennsylvania, US",20616.0,697.0,15757.857142857143,472.42857142857144
Pennsylvania,US,40.9699889,-77.7278831,2020-03-31,283785111,173338,5273,"Pennsylvania, US",22271.0,1240.0,17610.571428571428,612.1428571428571
Pennsylvania,US,40.9699889,-77.7278831,2020-04-01,283785111,202389,6245,"Pennsylvania, US",29051.0,972.0,20212.714285714286,706.8571428571429
Pennsylvania,US,40.9699889,-77.7278831,2020-04-02,283785111,231076,7702,"Pennsylvania, US",28687.0,1457.0,21840.285714285714,854.2857142857143
Pennsylvania,US,40.9699889,-77.7278831,2020-04-03,283785111,259749,9127,"Pennsylvania, US",28673.0,1425.0,23582.285714285714,986.7142857142857
Pennsylvania,US,40.9699889,-77.7278831,2020-04-04,283785111,287816,10678,"Pennsylvania, US",28067.0,1551.0,24992.428571428572,1124.5714285714287
Pennsylvania,US,40.9699889,-77.7278831,2020-04-05,283785111,313560,12251,"Pennsylvania, US",25744.0,1573.0,26158.428571428572,1273.5714285714287
Pennsylvania,US,40.9699889,-77.7278831,2020-04-06,283785111,341738,14108,"Pennsylvania, US",28178.0,1857.0,27238.714285714286,1439.2857142857142
Pennsylvania,US,40.9699889,-77.7278831,2020-04-07,283785111,368735,16779,"Pennsylvania, US",26997.0,2671.0,27913.85714285714,1643.7142857142858
Pennsylvania,US,40.9699889,-77.7278831,2020-04-08,283785111,396614,18905,"Pennsylvania, US",27879.0,2126.0,27746.428571428572,1808.5714285714287
Pennsylvania,US,40.9699889,-77.7278831,2020-04-09,283785111,428472,21206,"Pennsylvania, US",31858.0,2301.0,28199.428571428572,1929.142857142857
Pennsylvania,US,40.9699889,-77.7278831,2020-04-10,283785111,458530,23532,"Pennsylvania, US",30058.0,2326.0,28397.285714285714,2057.8571428571427
Pennsylvania,US,40.9699889,-77.7278831,2020-04-11,283785111,485283,25483,"Pennsylvania, US",26753.0,1951.0,28209.571428571428,2115.0
Pennsylvania,US,40.9699889,-77.7278831,2020-04-12,283785111,509568,27262,"Pennsylvania, US",24285.0,1779.0,28001.14285714286,2144.4285714285716
Pennsylvania,US,40.9699889,-77.7278831,2020-04-13,283785111,533911,29273,"Pennsylvania, US",24343.0,2011.0,27453.285714285714,2166.4285714285716
Pennsylvania,US,40.9699889,-77.7278831,2020-04-14,283785111,560226,31751,"Pennsylvania, US",26315.0,2478.0,27355.85714285714,2138.8571428571427
Pennsylvania,US,40.9699889,-77.7278831,2020-04-15,283785111,581400,34090,"Pennsylvania, US",21174.0,2339.0,26398.0,2169.285714285714
Pennsylvania,US,40.9699889,-77.7278831,2020-04-16,283785111,607798,36198,"Pennsylvania, US",26398.0,2108.0,25618.0,2141.714285714286
Pennsylvania,US,40.9699889,-77.7278831,2020-04-17,283785111,636496,38220,"Pennsylvania, US",28698.0,2022.0,25423.714285714286,2098.285714285714
Pennsylvania,US,40.9699889,-77.7278831,2020-04-18,283785111,661787,40043,"Pennsylvania, US",25291.0,1823.0,25214.85714285714,2080.0
Pennsylvania,US,40.9699889,-77.7278831,2020-04-19,283785111,684971,41916,"Pennsylvania, US",23184.0,1873.0,25057.571428571428,2093.4285714285716
Pennsylvania,US,40.9699889,-77.7278831,2020-04-20,283785111,710164,44161,"Pennsylvania, US",25193.0,2245.0,25179.0,2126.8571428571427
Pennsylvania,US,40.9699889,-77.7278831,2020-04-21,283785111,735269,46876,"Pennsylvania, US",25105.0,2715.0,25006.14285714286,2160.714285714286
Pennsylvania,US,40.9699889,-77.7278831,2020-04-22,283785111,757906,48992,"Pennsylvania, US",22637.0,2116.0,25215.14285714286,2128.8571428571427
Pennsylvania,US,40.9699889,-77.7278831,2020-04-23,283785111,787291,51526,"Pennsylvania, US",29385.0,2534.0,25641.85714285714,2189.714285714286
Pennsylvania,US,40.9699889,-77.7278831,2020-04-24,283785111,815462,53762,"Pennsylvania, US",28171.0,2236.0,25566.571428571428,2220.285714285714
Pennsylvania,US,40.9699889,-77.7278831,2020-04-25,283785111,842006,54654,"Pennsylvania, US",26544.0,892.0,25745.571428571428,2087.285714285714
Pennsylvania,US,40.9699889,-77.7278831,2020-04-26,283785111,866185,56131,"Pennsylvania, US",24179.0,1477.0,25887.714285714286,2030.7142857142858
Pennsylvania,US,40.9699889,-77.7278831,2020-04-27,283785111,886463,57275,"Pennsylvania, US",20278.0,1144.0,25185.571428571428,1873.4285714285713
Pennsylvania,US,40.9699889,-77.7278831,2020-04-28,283785111,908120,59386,"Pennsylvania, US",21657.0,2111.0,24693.0,1787.142857142857
Pennsylvania,US,40.9699889,-77.7278831,2020-04-29,283785111,931058,61720,"Pennsylvania, US",22938.0,2334.0,24736.0,1818.2857142857142
Pennsylvania,US,40.9699889,-77.7278831,2020-04-30,283785111,956599,64000,"Pennsylvania, US",25541.0,2280.0,24186.85714285714,1782.0
Pennsylvania,US,40.9699889,-77.7278831,2020-05-01,283785111,988078,65651,"Pennsylvania, US",31479.0,1651.0,24659.428571428572,1698.4285714285713
Pennsylvania,US,40.9699889,-77.7278831,2020-05-02,283785111,1013185,67209,"Pennsylvania, US",25107.0,1558.0,24454.14285714286,1793.5714285714287
Pennsylvania,US,40.9699889,-77.7278831,2020-05-03,283785111,1034595,68283,"Pennsylvania, US",21410.0,1074.0,24058.571428571428,1736.0
Pennsylvania,US,40.9699889,-77.7278831,2020-05-04,283785111,1055973,69605,"Pennsylvania, US",21378.0,1322.0,24215.714285714286,1761.4285714285713
Pennsylvania,US,40.9699889,-77.7278831,2020-05-05,283785111,1076446,71672,"Pennsylvania, US",20473.0,2067.0,24046.571428571428,1755.142857142857
Pennsylvania,US,40.9699889,-77.7278831,2020-05-06,283785111,1097525,73977,"Pennsylvania, US",21079.0,2305.0,23781.0,1751.0
Pennsylvania,US,40.9699889,-77.7278831,2020-05-07,283785111,1122305,75786,"Pennsylvania, US",24780.0,1809.0,23672.285714285714,1683.7142857142858
Pennsylvania,US,40.9699889,-77.7278831,2020-05-08,283785111,1145785,77374,"Pennsylvania, US",23480.0,1588.0,22529.571428571428,1674.7142857142858
Pennsylvania,US,40.9699889,-77.7278831,2020-05-09,283785111,1167131,78783,"Pennsylvania, US",21346.0,1409.0,21992.285714285714,1653.4285714285713
Pennsylvania,US,40.9699889,-77.7278831,2020-05-10,283785111,1184547,79621,"Pennsylvania, US",17416.0,838.0,21421.714285714286,1619.7142857142858
Pennsylvania,US,40.9699889,-77.7278831,2020-05-11,283785111,1199979,80535,"Pennsylvania, US",15432.0,914.0,20572.285714285714,1561.4285714285713
Pennsylvania,US,40.9699889,-77.7278831,2020-05-12,283785111,1220488,82029,"Pennsylvania, US",20509.0,1494.0,20577.428571428572,1479.5714285714287
Pennsylvania,US,40.9699889,-77.7278831,2020-05-13,283785111,1237470,83609,"Pennsylvania, US",16982.0,1580.0,19992.14285714286,1376.0
Pennsylvania,US,40.9699889,-77.7278831,2020-05-14,283785111,1261802,85201,"Pennsylvania, US",24332.0,1592.0,19928.14285714286,1345.0
Pennsylvania,US,40.9699889,-77.7278831,2020-05-15,283785111,1283613,86723,"Pennsylvania, US",21811.0,1522.0,19689.714285714286,1335.5714285714287
Pennsylvania,US,40.9699889,-77.7278831,2020-05-16,283785111,1304942,87912,"Pennsylvania, US",21329.0,1189.0,19687.285714285714,1304.142857142857
Pennsylvania,US,40.9699889,-77.7278831,2020-05-17,283785111,1322028,88585,"Pennsylvania, US",17086.0,673.0,19640.14285714286,1280.5714285714287
Pennsylvania,US,40.9699889,-77.7278831,2020-05-18,283785111,1343937,84255,"Pennsylvania, US",21909.0,-4330.0,20565.428571428572,531.4285714285714
Pennsylvania,US,40.9699889,-77.7278831,2020-05-19,283785111,1361983,85569,"Pennsylvania, US",18046.0,1314.0,20213.571428571428,505.7142857142857
Pennsylvania,US,40.9699889,-77.7278831,2020-05-20,283785111,1381261,86772,"Pennsylvania, US",19278.0,1203.0,20541.571428571428,451.85714285714283
Pennsylvania,US,40.9699889,-77.7278831,2020-05-21,283785111,1404319,87789,"Pennsylvania, US",23058.0,1017.0,20359.571428571428,369.7142857142857
Pennsylvania,US,40.9699889,-77.7278831,2020-05-22,283785111,1425043,88976,"Pennsylvania, US",20724.0,1187.0,20204.285714285714,321.85714285714283
Pennsylvania,US,40.9699889,-77.7278831,2020-05-23,283785111,1443452,89925,"Pennsylvania, US",18409.0,949.0,19787.14285714286,287.57142857142856
Pennsylvania,US,40.9699889,-77.7278831,2020-05-24,283785111,1461330,90444,"Pennsylvania, US",17878.0,519.0,19900.285714285714,265.57142857142856
Pennsylvania,US,40.9699889,-77.7278831,2020-05-25,283785111,1476944,90933,"Pennsylvania, US",15614.0,489.0,19001.0,954.0
Pennsylvania,US,40.9699889,-77.7278831,2020-05-26,283785111,1492525,91540,"Pennsylvania, US",15581.0,607.0,18648.85714285714,853.0
Pennsylvania,US,40.9699889,-77.7278831,2020-05-27,283785111,1509128,92952,"Pennsylvania, US",16603.0,1412.0,18266.714285714286,882.8571428571429
Pennsylvania,US,40.9699889,-77.7278831,2020-05-28,283785111,1527469,94020,"Pennsylvania, US",18341.0,1068.0,17592.85714285714,890.1428571428571
Pennsylvania,US,40.9699889,-77.7278831,2020-05-29,283785111,1548378,94976,"Pennsylvania, US",20909.0,956.0,17619.285714285714,857.1428571428571
Pennsylvania,US,40.9699889,-77.7278831,2020-05-30,283785111,1568412,95768,"Pennsylvania, US",20034.0,792.0,17851.428571428572,834.7142857142857
Pennsylvania,US,40.9699889,-77.7278831,2020-05-31,283785111,1585110,96355,"Pennsylvania, US",16698.0,587.0,17682.85714285714,844.4285714285714
Pennsylvania,US,40.9699889,-77.7278831,2020-06-01,283785111,1599483,97053,"Pennsylvania, US",14373.0,698.0,17505.571428571428,874.2857142857143
Pennsylvania,US,40.9699889,-77.7278831,2020-06-02,283785111,1617986,97992,"Pennsylvania, US",18503.0,939.0,17923.0,921.7142857142857
Pennsylvania,US,40.9699889,-77.7278831,2020-06-03,283785111,1634214,98841,"Pennsylvania, US",16228.0,849.0,17869.428571428572,841.2857142857143
Pennsylvania,US,40.9699889,-77.7278831,2020-06-04,283785111,1651767,99712,"Pennsylvania, US",17553.0,871.0,17756.85714285714,813.1428571428571
Pennsylvania,US,40.9699889,-77.7278831,2020-06-05,283785111,1672930,100461,"Pennsylvania, US",21163.0,749.0,17793.14285714286,783.5714285714286
Pennsylvania,US,40.9699889,-77.7278831,2020-06-06,283785111,1689677,101014,"Pennsylvania, US",16747.0,553.0,17323.571428571428,749.4285714285714
Pennsylvania,US,40.9699889,-77.7278831,2020-06-07,283785111,1704115,101406,"Pennsylvania, US",14438.0,392.0,17000.714285714286,721.5714285714286
Pennsylvania,US,40.9699889,-77.7278831,2020-06-08,283785111,1717087,101867,"Pennsylvania, US",12972.0,461.0,16800.571428571428,687.7142857142857
Pennsylvania,US,40.9699889,-77.7278831,2020-06-09,283785111,1732007,102682,"Pennsylvania, US",14920.0,815.0,16288.714285714286,670.0
Pennsylvania,US,40.9699889,-77.7278831,2020-06-10,283785111,1748721,103466,"Pennsylvania, US",16714.0,784.0,16358.142857142857,660.7142857142857
Pennsylvania,US,40.9699889,-77.7278831,2020-06-11,283785111,1767322,104198,"Pennsylvania, US",18601.0,732.0,16507.85714285714,640.8571428571429
Pennsylvania,US,40.9699889,-77.7278831,2020-06-12,283785111,1787384,104943,"Pennsylvania, US",20062.0,745.0,16350.57142857143,640.2857142857143
Pennsylvania,US,40.9699889,-77.7278831,2020-06-13,283785111,1807973,105571,"Pennsylvania, US",20589.0,628.0,16899.428571428572,651.0
Pennsylvania,US,40.9699889,-77.7278831,2020-06-14,283785111,1823962,105826,"Pennsylvania, US",15989.0,255.0,17121.0,631.4285714285714
Pennsylvania,US,40.9699889,-77.7278831,2020-06-15,283785111,1839473,106177,"Pennsylvania, US",15511.0,351.0,17483.714285714286,615.7142857142857
Pennsylvania,US,40.9699889,-77.7278831,2020-06-16,283785111,1858278,106916,"Pennsylvania, US",18805.0,739.0,18038.714285714286,604.8571428571429
Pennsylvania,US,40.9699889,-77.7278831,2020-06-17,283785111,1878854,107539,"Pennsylvania, US",20576.0,623.0,18590.428571428572,581.8571428571429
Pennsylvania,US,40.9699889,-77.7278831,2020-06-18,283785111,1901158,108139,"Pennsylvania, US",22304.0,600.0,19119.428571428572,563.0
Pennsylvania,US,40.9699889,-77.7278831,2020-06-19,283785111,1925677,108697,"Pennsylvania, US",24519.0,558.0,19756.14285714286,536.2857142857143
Pennsylvania,US,40.9699889,-77.7278831,2020-06-20,283785111,1951402,109184,"Pennsylvania, US",25725.0,487.0,20489.85714285714,516.1428571428571
Pennsylvania,US,40.9699889,-77.7278831,2020-06-21,283785111,1971181,109451,"Pennsylvania, US",19779.0,267.0,21031.285714285714,517.8571428571429
Pennsylvania,US,40.9699889,-77.7278831,2020-06-22,283785111,1994430,109796,"Pennsylvania, US",23249.0,345.0,22136.714285714286,517.0
Pennsylvania,US,40.9699889,-77.7278831,2020-06-23,283785111,2022179,110539,"Pennsylvania, US",27749.0,743.0,23414.428571428572,517.5714285714286
Pennsylvania,US,40.9699889,-77.7278831,2020-06-24,283785111,2050613,111184,"Pennsylvania, US",28434.0,645.0,24537.0,520.7142857142857
Pennsylvania,US,40.9699889,-77.7278831,2020-06-25,283785111,2084374,109786,"Pennsylvania, US",33761.0,-1398.0,26173.714285714286,235.28571428571428
Pennsylvania,US,40.9699889,-77.7278831,2020-06-26,283785111,2121961,110320,"Pennsylvania, US",37587.0,534.0,28040.571428571428,231.85714285714286
Pennsylvania,US,40.9699889,-77.7278831,2020-06-27,283785111,2155627,110714,"Pennsylvania, US",33666.0,394.0,29175.0,218.57142857142858
Pennsylvania,US,40.9699889,-77.7278831,2020-06-28,283785111,2188061,110956,"Pennsylvania, US",32434.0,242.0,30982.85714285714,215.0
Pennsylvania,US,40.9699889,-77.7278831,2020-06-29,283785111,2222166,111290,"Pennsylvania, US",34105.0,334.0,32533.714285714286,213.42857142857142
Pennsylvania,US,40.9699889,-77.7278831,2020-06-30,283785111,2256025,111828,"Pennsylvania, US",33859.0,538.0,33406.57142857143,184.14285714285714
Pennsylvania,US,40.9699889,-77.7278831,2020-07-01,283785111,2297288,112397,"Pennsylvania, US",41263.0,569.0,35239.28571428572,173.28571428571428
Pennsylvania,US,40.9699889,-77.7278831,2020-07-02,283785111,2345156,113014,"Pennsylvania, US",47868.0,617.0,37254.57142857143,461.14285714285717
Pennsylvania,US,40.9699889,-77.7278831,2020-07-03,283785111,2386349,113560,"Pennsylvania, US",41193.0,546.0,37769.71428571428,462.85714285714283
Pennsylvania,US,40.9699889,-77.7278831,2020-07-04,283785111,2425933,113787,"Pennsylvania, US",39584.0,227.0,38615.142857142855,439.0
Pennsylvania,US,40.9699889,-77.7278831,2020-07-05,283785111,2462828,114031,"Pennsylvania, US",36895.0,244.0,39252.42857142857,439.2857142857143
Pennsylvania,US,40.9699889,-77.7278831,2020-07-06,283785111,2496680,114304,"Pennsylvania, US",33852.0,273.0,39216.28571428572,430.57142857142856
Pennsylvania,US,40.9699889,-77.7278831,2020-07-07,283785111,2545636,115535,"Pennsylvania, US",48956.0,1231.0,41373.0,529.5714285714286
Pennsylvania,US,40.9699889,-77.7278831,2020-07-08,283785111,2595596,116206,"Pennsylvania, US",49960.0,671.0,42615.42857142857,544.1428571428571
Pennsylvania,US,40.9699889,-77.7278831,2020-07-09,283785111,2647156,117045,"Pennsylvania, US",51560.0,839.0,43142.857142857145,575.8571428571429
Pennsylvania,US,40.9699889,-77.7278831,2020-07-10,283785111,2703332,117692,"Pennsylvania, US",56176.0,647.0,45283.28571428572,590.2857142857143
Pennsylvania,US,40.9699889,-77.7278831,2020-07-11,283785111,2753339,118253,"Pennsylvania, US",50007.0,561.0,46772.28571428572,638.0
Pennsylvania,US,40.9699889,-77.7278831,2020-07-12,283785111,2803486,118625,"Pennsylvania, US",50147.0,372.0,48665.42857142857,656.2857142857143
Pennsylvania,US,40.9699889,-77.7278831,2020-07-13,283785111,2853372,118995,"Pennsylvania, US",49886.0,370.0,50956.0,670.1428571428571
Pennsylvania,US,40.9699889,-77.7278831,2020-07-14,283785111,2907484,119700,"Pennsylvania, US",54112.0,705.0,51692.57142857143,595.0
Pennsylvania,US,40.9699889,-77.7278831,2020-07-15,283785111,2963944,120445,"Pennsylvania, US",56460.0,745.0,52621.142857142855,605.5714285714286
Pennsylvania,US,40.9699889,-77.7278831,2020-07-16,283785111,3028944,121226,"Pennsylvania, US",65000.0,781.0,54541.142857142855,597.2857142857143
Pennsylvania,US,40.9699889,-77.7278831,2020-07-17,283785111,3089587,121959,"Pennsylvania, US",60643.0,733.0,55179.28571428572,609.5714285714286
Pennsylvania,US,40.9699889,-77.7278831,2020-07-18,283785111,3141878,122624,"Pennsylvania, US",52291.0,665.0,55505.57142857143,624.4285714285714
Pennsylvania,US,40.9699889,-77.7278831,2020-07-19,283785111,3194701,123021,"Pennsylvania, US",52823.0,397.0,55887.857142857145,628.0
Pennsylvania,US,40.9699889,-77.7278831,2020-07-20,283785111,3245496,123477,"Pennsylvania, US",50795.0,456.0,56017.71428571428,640.2857142857143
Pennsylvania,US,40.9699889,-77.7278831,2020-07-21,283785111,3297434,124377,"Pennsylvania, US",51938.0,900.0,55707.142857142855,668.1428571428571
Pennsylvania,US,40.9699889,-77.7278831,2020-07-22,283785111,3358669,125378,"Pennsylvania, US",61235.0,1001.0,56389.28571428572,704.7142857142857
Pennsylvania,US,40.9699889,-77.7278831,2020-07-23,283785111,3417324,126252,"Pennsylvania, US",58655.0,874.0,55482.857142857145,718.0
Pennsylvania,US,40.9699889,-77.7278831,2020-07-24,283785111,3481313,127193,"Pennsylvania, US",63989.0,941.0,55960.857142857145,747.7142857142857
Pennsylvania,US,40.9699889,-77.7278831,2020-07-25,283785111,3534454,127892,"Pennsylvania, US",53141.0,699.0,56082.28571428572,752.5714285714286
Pennsylvania,US,40.9699889,-77.7278831,2020-07-26,283785111,3582369,128311,"Pennsylvania, US",47915.0,419.0,55381.142857142855,755.7142857142857
Pennsylvania,US,40.9699889,-77.7278831,2020-07-27,283785111,3632119,129487,"Pennsylvania, US",49750.0,1176.0,55231.857142857145,858.5714285714286
Pennsylvania,US,40.9699889,-77.7278831,2020-07-28,283785111,3687296,130616,"Pennsylvania, US",55177.0,1129.0,55694.57142857143,891.2857142857143
Pennsylvania,US,40.9699889,-77.7278831,2020-07-29,283785111,3745467,131884,"Pennsylvania, US",58171.0,1268.0,55256.857142857145,929.4285714285714
Pennsylvania,US,40.9699889,-77.7278831,2020-07-30,283785111,3802835,132916,"Pennsylvania, US",57368.0,1032.0,55073.0,952.0
Pennsylvania,US,40.9699889,-77.7278831,2020-07-31,283785111,3859748,133842,"Pennsylvania, US",56913.0,926.0,54062.142857142855,949.8571428571429
Pennsylvania,US,40.9699889,-77.7278831,2020-08-01,283785111,3908216,134849,"Pennsylvania, US",48468.0,1007.0,53394.57142857143,993.8571428571429
Pennsylvania,US,40.9699889,-77.7278831,2020-08-02,283785111,3948954,135171,"Pennsylvania, US",40738.0,322.0,52369.28571428572,980.0
Pennsylvania,US,40.9699889,-77.7278831,2020-08-03,283785111,3988268,135689,"Pennsylvania, US",39314.0,518.0,50878.42857142857,886.0
Pennsylvania,US,40.9699889,-77.7278831,2020-08-04,283785111,4036317,136896,"Pennsylvania, US",48049.0,1207.0,49860.142857142855,897.1428571428571
Pennsylvania,US,40.9699889,-77.7278831,2020-08-05,283785111,4082546,138137,"Pennsylvania, US",46229.0,1241.0,48154.142857142855,893.2857142857143
Pennsylvania,US,40.9699889,-77.7278831,2020-08-06,283785111,4132675,139174,"Pennsylvania, US",50129.0,1037.0,47120.0,894.0
Pennsylvania,US,40.9699889,-77.7278831,2020-08-07,283785111,4183219,140260,"Pennsylvania, US",50544.0,1086.0,46210.142857142855,916.8571428571429
Pennsylvania,US,40.9699889,-77.7278831,2020-08-08,283785111,4229451,141169,"Pennsylvania, US",46232.0,909.0,45890.71428571428,902.8571428571429
Pennsylvania,US,40.9699889,-77.7278831,2020-08-09,283785111,4269814,141654,"Pennsylvania, US",40363.0,485.0,45837.142857142855,926.1428571428571
Pennsylvania,US,40.9699889,-77.7278831,2020-08-10,283785111,4308622,142088,"Pennsylvania, US",38808.0,434.0,45764.857142857145,914.1428571428571
Pennsylvania,US,40.9699889,-77.7278831,2020-08-11,283785111,4350083,142791,"Pennsylvania, US",41461.0,703.0,44823.71428571428,842.1428571428571
Pennsylvania,US,40.9699889,-77.7278831,2020-08-12,283785111,4398249,144018,"Pennsylvania, US",48166.0,1227.0,45100.42857142857,840.1428571428571
Pennsylvania,US,40.9699889,-77.7278831,2020-08-13,283785111,4444355,144974,"Pennsylvania, US",46106.0,956.0,44525.71428571428,828.5714285714286
Pennsylvania,US,40.9699889,-77.7278831,2020-08-14,283785111,4496800,146075,"Pennsylvania, US",52445.0,1101.0,44797.28571428572,830.7142857142857
Pennsylvania,US,40.9699889,-77.7278831,2020-08-15,283785111,4536291,146962,"Pennsylvania, US",39491.0,887.0,43834.28571428572,827.5714285714286
Pennsylvania,US,40.9699889,-77.7278831,2020-08-16,283785111,4567642,147535,"Pennsylvania, US",31351.0,573.0,42546.857142857145,840.1428571428571
Pennsylvania,US,40.9699889,-77.7278831,2020-08-17,283785111,4597633,147918,"Pennsylvania, US",29991.0,383.0,41287.28571428572,832.8571428571429
Pennsylvania,US,40.9699889,-77.7278831,2020-08-18,283785111,4636501,149087,"Pennsylvania, US",38868.0,1169.0,40916.857142857145,899.4285714285714
Pennsylvania,US,40.9699889,-77.7278831,2020-08-19,283785111,4675936,150202,"Pennsylvania, US",39435.0,1115.0,39669.57142857143,883.4285714285714
Pennsylvania,US,40.9699889,-77.7278831,2020-08-20,283785111,4714153,150963,"Pennsylvania, US",38217.0,761.0,38542.57142857143,855.5714285714286
Pennsylvania,US,40.9699889,-77.7278831,2020-08-21,283785111,4756354,151939,"Pennsylvania, US",42201.0,976.0,37079.142857142855,837.7142857142857
Pennsylvania,US,40.9699889,-77.7278831,2020-08-22,283785111,4794476,152769,"Pennsylvania, US",38122.0,830.0,36883.57142857143,829.5714285714286
Pennsylvania,US,40.9699889,-77.7278831,2020-08-23,283785111,4823612,153187,"Pennsylvania, US",29136.0,418.0,36567.142857142855,807.4285714285714
Pennsylvania,US,40.9699889,-77.7278831,2020-08-24,283785111,4855401,153587,"Pennsylvania, US",31789.0,400.0,36824.0,809.8571428571429
Pennsylvania,US,40.9699889,-77.7278831,2020-08-25,283785111,4891048,154681,"Pennsylvania, US",35647.0,1094.0,36363.857142857145,799.1428571428571
Pennsylvania,US,40.9699889,-77.7278831,2020-08-26,283785111,4930100,155727,"Pennsylvania, US",39052.0,1046.0,36309.142857142855,789.2857142857143
Pennsylvania,US,40.9699889,-77.7278831,2020-08-27,283785111,4970173,156687,"Pennsylvania, US",40073.0,960.0,36574.28571428572,817.7142857142857
Pennsylvania,US,40.9699889,-77.7278831,2020-08-28,283785111,5011714,157527,"Pennsylvania, US",41541.0,840.0,36480.0,798.2857142857143
Pennsylvania,US,40.9699889,-77.7278831,2020-08-29,283785111,5051926,158250,"Pennsylvania, US",40212.0,723.0,36778.57142857143,783.0
Pennsylvania,US,40.9699889,-77.7278831,2020-08-30,283785111,5083093,158640,"Pennsylvania, US",31167.0,390.0,37068.71428571428,779.0
Pennsylvania,US,40.9699889,-77.7278831,2020-08-31,283785111,5112989,159156,"Pennsylvania, US",29896.0,516.0,36798.28571428572,795.5714285714286
Pennsylvania,US,40.9699889,-77.7278831,2020-09-01,283785111,5150319,160104,"Pennsylvania, US",37330.0,948.0,37038.71428571428,774.7142857142857
Pennsylvania,US,40.9699889,-77.7278831,2020-09-02,283785111,5185164,160978,"Pennsylvania, US",34845.0,874.0,36437.71428571428,750.1428571428571
Pennsylvania,US,40.9699889,-77.7278831,2020-09-03,283785111,5223774,161886,"Pennsylvania, US",38610.0,908.0,36228.71428571428,742.7142857142857
Pennsylvania,US,40.9699889,-77.7278831,2020-09-04,283785111,5268970,162755,"Pennsylvania, US",45196.0,869.0,36750.857142857145,746.8571428571429
Pennsylvania,US,40.9699889,-77.7278831,2020-09-05,283785111,5307329,163431,"Pennsylvania, US",38359.0,676.0,36486.142857142855,740.1428571428571
Pennsylvania,US,40.9699889,-77.7278831,2020-09-06,283785111,5335246,163820,"Pennsylvania, US",27917.0,389.0,36021.857142857145,740.0
Pennsylvania,US,40.9699889,-77.7278831,2020-09-07,283785111,5356650,164069,"Pennsylvania, US",21404.0,249.0,34808.71428571428,701.8571428571429
Pennsylvania,US,40.9699889,-77.7278831,2020-09-08,283785111,5380891,164484,"Pennsylvania, US",24241.0,415.0,32938.857142857145,625.7142857142857
Pennsylvania,US,40.9699889,-77.7278831,2020-09-09,283785111,5408991,165491,"Pennsylvania, US",28100.0,1007.0,31975.285714285714,644.7142857142857
Pennsylvania,US,40.9699889,-77.7278831,2020-09-10,283785111,5439199,166298,"Pennsylvania, US",30208.0,807.0,30775.0,630.2857142857143
Pennsylvania,US,40.9699889,-77.7278831,2020-09-11,283785111,5481974,167395,"Pennsylvania, US",42775.0,1097.0,30429.14285714286,662.8571428571429
Pennsylvania,US,40.9699889,-77.7278831,2020-09-12,283785111,5517863,167996,"Pennsylvania, US",35889.0,601.0,30076.285714285714,652.1428571428571
Pennsylvania,US,40.9699889,-77.7278831,2020-09-13,283785111,5548341,168359,"Pennsylvania, US",30478.0,363.0,30442.14285714286,648.4285714285714
Pennsylvania,US,40.9699889,-77.7278831,2020-09-14,283785111,5578276,168722,"Pennsylvania, US",29935.0,363.0,31660.85714285714,664.7142857142857
Pennsylvania,US,40.9699889,-77.7278831,2020-09-15,283785111,5613961,169890,"Pennsylvania, US",35685.0,1168.0,33295.71428571428,772.2857142857143
Pennsylvania,US,40.9699889,-77.7278831,2020-09-16,283785111,5647043,170640,"Pennsylvania, US",33082.0,750.0,34007.42857142857,735.5714285714286
Pennsylvania,US,40.9699889,-77.7278831,2020-09-17,283785111,5685363,171399,"Pennsylvania, US",38320.0,759.0,35166.28571428572,728.7142857142857
Pennsylvania,US,40.9699889,-77.7278831,2020-09-18,283785111,5728148,172252,"Pennsylvania, US",42785.0,853.0,35167.71428571428,693.8571428571429
Pennsylvania,US,40.9699889,-77.7278831,2020-09-19,283785111,5764954,172854,"Pennsylvania, US",36806.0,602.0,35298.71428571428,694.0
Pennsylvania,US,40.9699889,-77.7278831,2020-09-20,283785111,5798187,173085,"Pennsylvania, US",33233.0,231.0,35692.28571428572,675.1428571428571
Pennsylvania,US,40.9699889,-77.7278831,2020-09-21,283785111,5845904,173474,"Pennsylvania, US",47717.0,389.0,38232.57142857143,678.8571428571429
Pennsylvania,US,40.9699889,-77.7278831,2020-09-22,283785111,5880695,174493,"Pennsylvania, US",34791.0,1019.0,38104.857142857145,657.5714285714286
Pennsylvania,US,40.9699889,-77.7278831,2020-09-23,283785111,5913169,175451,"Pennsylvania, US",32474.0,958.0,38018.0,687.2857142857143
Pennsylvania,US,40.9699889,-77.7278831,2020-09-24,283785111,5951861,176269,"Pennsylvania, US",38692.0,818.0,38071.142857142855,695.7142857142857
Pennsylvania,US,40.9699889,-77.7278831,2020-09-25,283785111,5992191,177108,"Pennsylvania, US",40330.0,839.0,37720.42857142857,693.7142857142857
Pennsylvania,US,40.9699889,-77.7278831,2020-09-26,283785111,6029393,177761,"Pennsylvania, US",37202.0,653.0,37777.0,701.0
Pennsylvania,US,40.9699889,-77.7278831,2020-09-27,283785111,6061306,178015,"Pennsylvania, US",31913.0,254.0,37588.42857142857,704.2857142857143
Pennsylvania,US,40.9699889,-77.7278831,2020-09-28,283785111,6089524,178331,"Pennsylvania, US",28218.0,316.0,34802.857142857145,693.8571428571429
Pennsylvania,US,40.9699889,-77.7278831,2020-09-29,283785111,6126328,179134,"Pennsylvania, US",36804.0,803.0,35090.42857142857,663.0
Pennsylvania,US,40.9699889,-77.7278831,2020-09-30,283785111,6161929,180003,"Pennsylvania, US",35601.0,869.0,35537.142857142855,650.2857142857143
Pennsylvania,US,40.9699889,-77.7278831,2020-10-01,283785111,6201245,180763,"Pennsylvania, US",39316.0,760.0,35626.28571428572,642.0
Pennsylvania,US,40.9699889,-77.7278831,2020-10-02,283785111,6248887,181605,"Pennsylvania, US",47642.0,842.0,36670.857142857145,642.4285714285714
Pennsylvania,US,40.9699889,-77.7278831,2020-10-03,283785111,6290790,182229,"Pennsylvania, US",41903.0,624.0,37342.42857142857,638.2857142857143
Pennsylvania,US,40.9699889,-77.7278831,2020-10-04,283785111,6321244,182550,"Pennsylvania, US",30454.0,321.0,37134.0,647.8571428571429
Pennsylvania,US,40.9699889,-77.7278831,2020-10-05,283785111,6355262,182981,"Pennsylvania, US",34018.0,431.0,37962.57142857143,664.2857142857143
Pennsylvania,US,40.9699889,-77.7278831,2020-10-06,283785111,6394129,183608,"Pennsylvania, US",38867.0,627.0,38257.28571428572,639.1428571428571
Pennsylvania,US,40.9699889,-77.7278831,2020-10-07,283785111,6437930,184424,"Pennsylvania, US",43801.0,816.0,39428.71428571428,631.5714285714286
Pennsylvania,US,40.9699889,-77.7278831,2020-10-08,283785111,6488535,185267,"Pennsylvania, US",50605.0,843.0,41041.42857142857,643.4285714285714
Pennsylvania,US,40.9699889,-77.7278831,2020-10-09,283785111,6536717,186149,"Pennsylvania, US",48182.0,882.0,41118.57142857143,649.1428571428571
Pennsylvania,US,40.9699889,-77.7278831,2020-10-10,283785111,6582944,186690,"Pennsylvania, US",46227.0,541.0,41736.28571428572,637.2857142857143
Pennsylvania,US,40.9699889,-77.7278831,2020-10-11,283785111,6623351,187080,"Pennsylvania, US",40407.0,390.0,43158.142857142855,647.1428571428571
Pennsylvania,US,40.9699889,-77.7278831,2020-10-12,283785111,6659677,187413,"Pennsylvania, US",36326.0,333.0,43487.857142857145,633.1428571428571
Pennsylvania,US,40.9699889,-77.7278831,2020-10-13,283785111,6704676,188130,"Pennsylvania, US",44999.0,717.0,44363.857142857145,646.0
Pennsylvania,US,40.9699889,-77.7278831,2020-10-14,283785111,6754468,189077,"Pennsylvania, US",49792.0,947.0,45219.71428571428,664.7142857142857
Pennsylvania,US,40.9699889,-77.7278831,2020-10-15,283785111,6810964,189767,"Pennsylvania, US",56496.0,690.0,46061.28571428572,642.8571428571429
Pennsylvania,US,40.9699889,-77.7278831,2020-10-16,283785111,6870735,190571,"Pennsylvania, US",59771.0,804.0,47716.857142857145,631.7142857142857
Pennsylvania,US,40.9699889,-77.7278831,2020-10-17,283785111,6919688,191258,"Pennsylvania, US",48953.0,687.0,48106.28571428572,652.5714285714286
Pennsylvania,US,40.9699889,-77.7278831,2020-10-18,283785111,6962425,191672,"Pennsylvania, US",42737.0,414.0,48439.142857142855,656.0
Pennsylvania,US,40.9699889,-77.7278831,2020-10-19,283785111,7023653,192103,"Pennsylvania, US",61228.0,431.0,51996.57142857143,670.0
Pennsylvania,US,40.9699889,-77.7278831,2020-10-20,283785111,7077250,192903,"Pennsylvania, US",53597.0,800.0,53224.857142857145,681.8571428571429
Pennsylvania,US,40.9699889,-77.7278831,2020-10-21,283785111,7130970,193978,"Pennsylvania, US",53720.0,1075.0,53786.0,700.1428571428571
Pennsylvania,US,40.9699889,-77.7278831,2020-10-22,283785111,7197189,194774,"Pennsylvania, US",66219.0,796.0,55175.0,715.2857142857143
Pennsylvania,US,40.9699889,-77.7278831,2020-10-23,283785111,7268194,195658,"Pennsylvania, US",71005.0,884.0,56779.857142857145,726.7142857142857
Pennsylvania,US,40.9699889,-77.7278831,2020-10-24,283785111,7338381,196498,"Pennsylvania, US",70187.0,840.0,59813.28571428572,748.5714285714286
Pennsylvania,US,40.9699889,-77.7278831,2020-10-25,283785111,7390803,196842,"Pennsylvania, US",52422.0,344.0,61196.857142857145,738.5714285714286
Pennsylvania,US,40.9699889,-77.7278831,2020-10-26,283785111,7447979,197264,"Pennsylvania, US",57176.0,422.0,60618.0,737.2857142857143
Pennsylvania,US,40.9699889,-77.7278831,2020-10-27,283785111,7514411,198106,"Pennsylvania, US",66432.0,842.0,62451.57142857143,743.2857142857143
Pennsylvania,US,40.9699889,-77.7278831,2020-10-28,283785111,7581752,199000,"Pennsylvania, US",67341.0,894.0,64397.42857142857,717.4285714285714
Pennsylvania,US,40.9699889,-77.7278831,2020-10-29,283785111,7659888,199875,"Pennsylvania, US",78136.0,875.0,66099.85714285714,728.7142857142857
Pennsylvania,US,40.9699889,-77.7278831,2020-10-30,283785111,7747393,200819,"Pennsylvania, US",87505.0,944.0,68457.0,737.2857142857143
Pennsylvania,US,40.9699889,-77.7278831,2020-10-31,283785111,7824347,201598,"Pennsylvania, US",76954.0,779.0,69423.71428571429,728.5714285714286
Pennsylvania,US,40.9699889,-77.7278831,2020-11-01,283785111,7912931,201957,"Pennsylvania, US",88584.0,359.0,74589.71428571429,730.7142857142857
Pennsylvania,US,40.9699889,-77.7278831,2020-11-02,283785111,7985716,202451,"Pennsylvania, US",72785.0,494.0,76819.57142857143,741.0
Pennsylvania,US,40.9699889,-77.7278831,2020-11-03,283785111,8099164,203900,"Pennsylvania, US",113448.0,1449.0,83536.14285714286,827.7142857142857
Pennsylvania,US,40.9699889,-77.7278831,2020-11-04,283785111,8186320,204886,"Pennsylvania, US",87156.0,986.0,86366.85714285714,840.8571428571429
Pennsylvania,US,40.9699889,-77.7278831,2020-11-05,283785111,8297762,205867,"Pennsylvania, US",111442.0,981.0,91124.85714285714,856.0
Pennsylvania,US,40.9699889,-77.7278831,2020-11-06,283785111,8401118,206691,"Pennsylvania, US",103356.0,824.0,93389.28571428571,838.8571428571429
Pennsylvania,US,40.9699889,-77.7278831,2020-11-07,283785111,8514682,207626,"Pennsylvania, US",113564.0,935.0,98619.28571428571,861.1428571428571
Pennsylvania,US,40.9699889,-77.7278831,2020-11-08,283785111,8613851,208057,"Pennsylvania, US",99169.0,431.0,100131.42857142857,871.4285714285714
Pennsylvania,US,40.9699889,-77.7278831,2020-11-09,283785111,8723328,208629,"Pennsylvania, US",109477.0,572.0,105373.14285714286,882.5714285714286
Pennsylvania,US,40.9699889,-77.7278831,2020-11-10,283785111,8843831,209851,"Pennsylvania, US",120503.0,1222.0,106381.0,850.1428571428571
Pennsylvania,US,40.9699889,-77.7278831,2020-11-11,283785111,8970169,211151,"Pennsylvania, US",126338.0,1300.0,111978.42857142857,895.0
Pennsylvania,US,40.9699889,-77.7278831,2020-11-12,283785111,9114512,212146,"Pennsylvania, US",144343.0,995.0,116678.57142857143,897.0
Pennsylvania,US,40.9699889,-77.7278831,2020-11-13,283785111,9276216,213214,"Pennsylvania, US",161704.0,1068.0,125014.0,931.8571428571429
Pennsylvania,US,40.9699889,-77.7278831,2020-11-14,283785111,9422610,214297,"Pennsylvania, US",146394.0,1083.0,129704.0,953.0
Pennsylvania,US,40.9699889,-77.7278831,2020-11-15,283785111,9542867,214858,"Pennsylvania, US",120257.0,561.0,132716.57142857142,971.5714285714286
Pennsylvania,US,40.9699889,-77.7278831,2020-11-16,283785111,9678655,215281,"Pennsylvania, US",135788.0,423.0,136475.2857142857,950.2857142857143
Pennsylvania,US,40.9699889,-77.7278831,2020-11-17,283785111,9820340,216828,"Pennsylvania, US",141685.0,1547.0,139501.2857142857,996.7142857142857
Pennsylvania,US,40.9699889,-77.7278831,2020-11-18,283785111,9967946,218540,"Pennsylvania, US",147606.0,1712.0,142539.57142857142,1055.5714285714287
Pennsylvania,US,40.9699889,-77.7278831,2020-11-19,283785111,10134085,220285,"Pennsylvania, US",166139.0,1745.0,145653.2857142857,1162.7142857142858
Pennsylvania,US,40.9699889,-77.7278831,2020-11-20,283785111,10308114,221978,"Pennsylvania, US",174029.0,1693.0,147414.0,1252.0
Pennsylvania,US,40.9699889,-77.7278831,2020-11-21,283785111,10467652,223214,"Pennsylvania, US",159538.0,1236.0,149291.7142857143,1273.857142857143
Pennsylvania,US,40.9699889,-77.7278831,2020-11-22,283785111,10594839,224009,"Pennsylvania, US",127187.0,795.0,150281.7142857143,1307.2857142857142
Pennsylvania,US,40.9699889,-77.7278831,2020-11-23,283785111,10743572,224867,"Pennsylvania, US",148733.0,858.0,152131.0,1369.4285714285713
Pennsylvania,US,40.9699889,-77.7278831,2020-11-24,283785111,10892819,226712,"Pennsylvania, US",149247.0,1845.0,153211.2857142857,1412.0
Pennsylvania,US,40.9699889,-77.7278831,2020-11-25,283785111,11045081,228757,"Pennsylvania, US",152262.0,2045.0,153876.42857142858,1459.5714285714287
Pennsylvania,US,40.9699889,-77.7278831,2020-11-26,283785111,11143651,229802,"Pennsylvania, US",98570.0,1045.0,144223.7142857143,1359.5714285714287
Pennsylvania,US,40.9699889,-77.7278831,2020-11-27,283785111,11328562,231133,"Pennsylvania, US",184911.0,1331.0,145778.2857142857,1307.857142857143
Pennsylvania,US,40.9699889,-77.7278831,2020-11-28,283785111,11466292,232227,"Pennsylvania, US",137730.0,1094.0,142662.85714285713,1287.5714285714287
Pennsylvania,US,40.9699889,-77.7278831,2020-11-29,283785111,11583829,232979,"Pennsylvania, US",117537.0,752.0,141284.2857142857,1281.4285714285713
Pennsylvania,US,40.9699889,-77.7278831,2020-11-30,283785111,11723847,234040,"Pennsylvania, US",140018.0,1061.0,140039.2857142857,1310.4285714285713
Pennsylvania,US,40.9699889,-77.7278831,2020-12-01,283785111,11878186,236376,"Pennsylvania, US",154339.0,2336.0,140766.7142857143,1380.5714285714287
Pennsylvania,US,40.9699889,-77.7278831,2020-12-02,283785111,12049550,238916,"Pennsylvania, US",171364.0,2540.0,143495.57142857142,1451.2857142857142
Pennsylvania,US,40.9699889,-77.7278831,2020-12-03,283785111,12239362,241416,"Pennsylvania, US",189812.0,2500.0,156530.14285714287,1659.142857142857
Pennsylvania,US,40.9699889,-77.7278831,2020-12-04,283785111,12444335,243806,"Pennsylvania, US",204973.0,2390.0,159396.14285714287,1810.4285714285713
Pennsylvania,US,40.9699889,-77.7278831,2020-12-05,283785111,12632066,245832,"Pennsylvania, US",187731.0,2026.0,166539.14285714287,1943.5714285714287
Pennsylvania,US,40.9699889,-77.7278831,2020-12-06,283785111,12783914,246858,"Pennsylvania, US",151848.0,1026.0,171440.7142857143,1982.7142857142858
Pennsylvania,US,40.9699889,-77.7278831,2020-12-07,283785111,12954262,248266,"Pennsylvania, US",170348.0,1408.0,175773.57142857142,2032.2857142857142
Pennsylvania,US,40.9699889,-77.7278831,2020-12-08,283785111,13141023,250551,"Pennsylvania, US",186761.0,2285.0,180405.2857142857,2025.0
Pennsylvania,US,40.9699889,-77.7278831,2020-12-09,283785111,13325029,253119,"Pennsylvania, US",184006.0,2568.0,182211.2857142857,2029.0
Pennsylvania,US,40.9699889,-77.7278831,2020-12-10,283785111,13519320,255707,"Pennsylvania, US",194291.0,2588.0,182851.14285714287,2041.5714285714287
Pennsylvania,US,40.9699889,-77.7278831,2020-12-11,283785111,13720511,258760,"Pennsylvania, US",201191.0,3053.0,182310.85714285713,2136.285714285714
Pennsylvania,US,40.9699889,-77.7278831,2020-12-12,283785111,13906244,260816,"Pennsylvania, US",185733.0,2056.0,182025.42857142858,2140.5714285714284
Pennsylvania,US,40.9699889,-77.7278831,2020-12-13,283785111,14064613,262023,"Pennsylvania, US",158369.0,1207.0,182957.0,2166.4285714285716
Pennsylvania,US,40.9699889,-77.7278831,2020-12-14,283785111,14232274,263460,"Pennsylvania, US",167661.0,1437.0,182573.14285714287,2170.5714285714284
Pennsylvania,US,40.9699889,-77.7278831,2020-12-15,283785111,14400070,266068,"Pennsylvania, US",167796.0,2608.0,179863.85714285713,2216.714285714286
Pennsylvania,US,40.9699889,-77.7278831,2020-12-16,283785111,14592167,269139,"Pennsylvania, US",192097.0,3071.0,181019.7142857143,2288.5714285714284
Pennsylvania,US,40.9699889,-77.7278831,2020-12-17,283785111,14792250,272042,"Pennsylvania, US",200083.0,2903.0,181847.14285714287,2333.5714285714284
Pennsylvania,US,40.9699889,-77.7278831,2020-12-18,283785111,14998863,274442,"Pennsylvania, US",206613.0,2400.0,182621.7142857143,2240.285714285714
Pennsylvania,US,40.9699889,-77.7278831,2020-12-19,283785111,15162201,276738,"Pennsylvania, US",163338.0,2296.0,179422.42857142858,2274.5714285714284
Pennsylvania,US,40.9699889,-77.7278831,2020-12-20,283785111,15320335,278120,"Pennsylvania, US",158134.0,1382.0,179388.85714285713,2299.5714285714284
Pennsylvania,US,40.9699889,-77.7278831,2020-12-21,283785111,15480374,279739,"Pennsylvania, US",160039.0,1619.0,178300.0,2325.5714285714284
Pennsylvania,US,40.9699889,-77.7278831,2020-12-22,283785111,15641945,282776,"Pennsylvania, US",161571.0,3037.0,177410.7142857143,2386.8571428571427
Pennsylvania,US,40.9699889,-77.7278831,2020-12-23,283785111,15825824,285533,"Pennsylvania, US",183879.0,2757.0,176236.7142857143,2342.0
Pennsylvania,US,40.9699889,-77.7278831,2020-12-24,283785111,15988820,287935,"Pennsylvania, US",162996.0,2402.0,170938.57142857142,2270.4285714285716
Pennsylvania,US,40.9699889,-77.7278831,2020-12-25,283785111,16076835,288985,"Pennsylvania, US",88015.0,1050.0,153996.0,2077.5714285714284
Pennsylvania,US,40.9699889,-77.7278831,2020-12-26,283785111,16253074,290480,"Pennsylvania, US",176239.0,1495.0,155839.0,1963.142857142857
Pennsylvania,US,40.9699889,-77.7278831,2020-12-27,283785111,16372698,291618,"Pennsylvania, US",119624.0,1138.0,150337.57142857142,1928.2857142857142
Pennsylvania,US,40.9699889,-77.7278831,2020-12-28,283785111,16506905,293122,"Pennsylvania, US",134207.0,1504.0,146647.2857142857,1911.857142857143
Pennsylvania,US,40.9699889,-77.7278831,2020-12-29,283785111,16677965,296233,"Pennsylvania, US",171060.0,3111.0,148002.85714285713,1922.4285714285713
Pennsylvania,US,40.9699889,-77.7278831,2020-12-30,283785111,16873182,299420,"Pennsylvania, US",195217.0,3187.0,149622.57142857142,1983.857142857143
Pennsylvania,US,40.9699889,-77.7278831,2020-12-31,283785111,17061359,302160,"Pennsylvania, US",188177.0,2740.0,153219.85714285713,2032.142857142857
Pennsylvania,US,40.9699889,-77.7278831,2021-01-01,283785111,17185545,303770,"Pennsylvania, US",124186.0,1610.0,158387.14285714287,2112.1428571428573
Pennsylvania,US,40.9699889,-77.7278831,2021-01-02,283785111,17439789,305819,"Pennsylvania, US",254244.0,2049.0,169530.7142857143,2191.285714285714
Pennsylvania,US,40.9699889,-77.7278831,2021-01-03,283785111,17604343,307099,"Pennsylvania, US",164554.0,1280.0,175949.2857142857,2211.5714285714284
